-- phpMyAdmin SQL Dump
-- version 4.0.10.7
-- http://www.phpmyadmin.net
--
-- Servidor: localhost:3306
-- Tiempo de generación: 28-03-2016 a las 07:54:38
-- Versión del servidor: 5.5.48-MariaDB
-- Versión de PHP: 5.4.31

SET SQL_MODE = "NO_AUTO_VALUE_ON_ZERO";
SET time_zone = "+00:00";


/*!40101 SET @OLD_CHARACTER_SET_CLIENT=@@CHARACTER_SET_CLIENT */;
/*!40101 SET @OLD_CHARACTER_SET_RESULTS=@@CHARACTER_SET_RESULTS */;
/*!40101 SET @OLD_COLLATION_CONNECTION=@@COLLATION_CONNECTION */;
/*!40101 SET NAMES utf8 */;

--
-- Base de datos: `reporteo_db`
--

-- --------------------------------------------------------

--
-- Estructura de tabla para la tabla `codigo_api`
--

CREATE TABLE IF NOT EXISTS `codigo_api` (
  `id` int(11) NOT NULL AUTO_INCREMENT,
  `codigo` text NOT NULL,
  `credito` int(11) DEFAULT NULL,
  `creado` timestamp NOT NULL DEFAULT CURRENT_TIMESTAMP,
  PRIMARY KEY (`id`)
) ENGINE=InnoDB  DEFAULT CHARSET=latin1 AUTO_INCREMENT=20 ;

--
-- Volcado de datos para la tabla `codigo_api`
--

INSERT INTO `codigo_api` (`id`, `codigo`, `credito`, `creado`) VALUES
(1, 'yj4ul51egkjp5k', 20, '2016-02-24 14:25:58'),
(2, 'qsd11kwyaaxhvg', 20, '2016-02-25 04:09:38'),
(3, 'iiw1wk3yxle0pe', 20, '2016-02-27 14:58:28'),
(4, 'ae0e4imp1byvin', 1, '2016-02-28 22:35:41'),
(5, 'qha3ud42yryiag', NULL, '2016-02-28 23:21:51'),
(6, 'dn5jyrpjx3kqf2', NULL, '2016-03-03 23:36:30'),
(7, 'http://www.pdfaid.com/api-registration.aspx', 20, '2016-03-11 13:52:38'),
(8, 'bo1jr53gj4hh5y', 1, '2016-03-11 14:22:08'),
(9, 'dmr0b0ia1dx4xk', 11, '2016-03-14 16:01:58'),
(10, 'dmr0b0ia1dx4xk', 20, '2016-03-14 16:46:08'),
(11, 'r2iecf0wfcnygd', 4, '2016-03-14 16:46:36'),
(12, 'acoghyw0vvtakh', NULL, '2016-03-14 17:49:41'),
(13, 'f0rhnrpqkfd2s1', NULL, '2016-03-14 19:26:51'),
(14, 'ghgaeulzfcwaz1', NULL, '2016-03-14 19:43:29'),
(15, 'z0cfslkc2402tb', NULL, '2016-03-15 20:18:46'),
(16, '5cs15kqk2g5wn0', NULL, '2016-03-17 20:33:32'),
(17, 'cyunnfisiuozrc', NULL, '2016-03-22 13:59:56'),
(18, '3olaepnpzdezho', 3, '2016-03-25 17:09:38'),
(19, 'a2y4qczr211rui', 19, '2016-03-27 03:37:46');

-- --------------------------------------------------------

--
-- Estructura de tabla para la tabla `equipo`
--

CREATE TABLE IF NOT EXISTS `equipo` (
  `id` int(11) NOT NULL AUTO_INCREMENT,
  `institucion` varchar(200) NOT NULL,
  `departamento` varchar(200) NOT NULL,
  `especialidades` text NOT NULL,
  `nombres_abreviado` varchar(20) NOT NULL,
  `pais` varchar(200) NOT NULL,
  `ciudad` varchar(200) NOT NULL,
  `plan_id` int(11) NOT NULL,
  `usuario_id` int(11) NOT NULL,
  `creado` timestamp NOT NULL DEFAULT CURRENT_TIMESTAMP,
  `pausa` tinyint(1) DEFAULT NULL,
  PRIMARY KEY (`id`)
) ENGINE=InnoDB  DEFAULT CHARSET=utf8 AUTO_INCREMENT=3 ;

--
-- Volcado de datos para la tabla `equipo`
--

INSERT INTO `equipo` (`id`, `institucion`, `departamento`, `especialidades`, `nombres_abreviado`, `pais`, `ciudad`, `plan_id`, `usuario_id`, `creado`, `pausa`) VALUES
(1, 'Hospital Nacional Dos de Mayo', 'Cirugía de Tórax y Cardiovascular', 'Cirugía de Tórax y Cardiovascular', 'CTCV-HNDM', 'Perú', 'Lima', 2, 37, '2016-03-25 15:49:22', NULL),
(2, 'Hospital Nacional Dos de Mayo', 'Cirugía General', 'Cirugía General', 'CG-HNDM', 'Peru', 'Lima', 2, 38, '2016-03-25 15:51:09', NULL);

-- --------------------------------------------------------

--
-- Estructura de tabla para la tabla `formulario`
--

CREATE TABLE IF NOT EXISTS `formulario` (
  `id` int(11) NOT NULL AUTO_INCREMENT,
  `nombre` varchar(200) NOT NULL,
  `campos` text NOT NULL,
  `creado` timestamp NOT NULL DEFAULT CURRENT_TIMESTAMP,
  PRIMARY KEY (`id`),
  UNIQUE KEY `nombre` (`nombre`)
) ENGINE=InnoDB  DEFAULT CHARSET=latin1 AUTO_INCREMENT=14 ;

--
-- Volcado de datos para la tabla `formulario`
--

INSERT INTO `formulario` (`id`, `nombre`, `campos`, `creado`) VALUES
(6, 'FormHNDM1', 'a:7:{i:0;a:3:{s:5:"label";s:2:"HC";s:5:"campo";s:2:"hc";s:4:"tipo";s:5:"Texto";}i:1;a:3:{s:5:"label";s:8:"Servicio";s:5:"campo";s:8:"servicio";s:4:"tipo";s:5:"Texto";}i:2;a:3:{s:5:"label";s:4:"Piso";s:5:"campo";s:4:"piso";s:4:"tipo";s:5:"Texto";}i:3;a:3:{s:5:"label";s:4:"Cama";s:5:"campo";s:4:"cama";s:4:"tipo";s:5:"Texto";}i:4;a:3:{s:5:"label";s:8:"Paciente";s:5:"campo";s:6:"nombre";s:4:"tipo";s:5:"Texto";}i:5;a:3:{s:5:"label";s:20:"Cirujano principal 1";s:5:"campo";s:9:"cirujano1";s:4:"tipo";s:5:"Texto";}i:6;a:3:{s:5:"label";s:20:"Cirujano principal 2";s:5:"campo";s:9:"cirujano2";s:4:"tipo";s:0:"";}}', '2016-02-16 06:03:21'),
(7, 'HNDM2', 'a:27:{i:0;a:3:{s:5:"label";s:2:"hc";s:5:"campo";s:2:"hc";s:4:"tipo";s:5:"Texto";}i:1;a:3:{s:5:"label";s:8:"servicio";s:5:"campo";s:8:"servicio";s:4:"tipo";s:5:"Texto";}i:2;a:3:{s:5:"label";s:4:"piso";s:5:"campo";s:4:"piso";s:4:"tipo";s:5:"Texto";}i:3;a:3:{s:5:"label";s:4:"cama";s:5:"campo";s:4:"cama";s:4:"tipo";s:5:"Texto";}i:4;a:3:{s:5:"label";s:6:"nombre";s:5:"campo";s:6:"nombre";s:4:"tipo";s:5:"Texto";}i:5;a:3:{s:5:"label";s:9:"cirujano1";s:5:"campo";s:9:"cirujano1";s:4:"tipo";s:5:"Texto";}i:6;a:3:{s:5:"label";s:9:"cirujano2";s:5:"campo";s:9:"cirujano2";s:4:"tipo";s:5:"Texto";}i:7;a:3:{s:5:"label";s:13:"anestesiologo";s:5:"campo";s:13:"anestesiologo";s:4:"tipo";s:5:"Texto";}i:8;a:3:{s:5:"label";s:10:"asistente1";s:5:"campo";s:10:"asistente1";s:4:"tipo";s:5:"Texto";}i:9;a:3:{s:5:"label";s:10:"asistente2";s:5:"campo";s:10:"asistente2";s:4:"tipo";s:5:"Texto";}i:10;a:3:{s:5:"label";s:10:"asistente3";s:5:"campo";s:10:"asistente3";s:4:"tipo";s:5:"Texto";}i:11;a:3:{s:5:"label";s:10:"asistente4";s:5:"campo";s:10:"asistente4";s:4:"tipo";s:5:"Texto";}i:12;a:3:{s:5:"label";s:10:"residente1";s:5:"campo";s:10:"residente1";s:4:"tipo";s:5:"Texto";}i:13;a:3:{s:5:"label";s:10:"residente2";s:5:"campo";s:10:"residente2";s:4:"tipo";s:5:"Texto";}i:14;a:3:{s:5:"label";s:14:"instrumentista";s:5:"campo";s:14:"instrumentista";s:4:"tipo";s:5:"Texto";}i:15;a:3:{s:5:"label";s:13:"perfusionista";s:5:"campo";s:13:"perfusionista";s:4:"tipo";s:5:"Texto";}i:16;a:3:{s:5:"label";s:6:"tiempo";s:5:"campo";s:6:"tiempo";s:4:"tipo";s:5:"Texto";}i:17;a:3:{s:5:"label";s:5:"fecha";s:5:"campo";s:5:"fecha";s:4:"tipo";s:5:"Texto";}i:18;a:3:{s:5:"label";s:4:"hora";s:5:"campo";s:4:"hora";s:4:"tipo";s:5:"Texto";}i:19;a:3:{s:5:"label";s:11:"tipocirugia";s:5:"campo";s:11:"tipocirugia";s:4:"tipo";s:5:"Texto";}i:20;a:3:{s:5:"label";s:13:"preoperatorio";s:5:"campo";s:13:"preoperatorio";s:4:"tipo";s:5:"Texto";}i:21;a:3:{s:5:"label";s:14:"postoperatorio";s:5:"campo";s:14:"postoperatorio";s:4:"tipo";s:5:"Texto";}i:22;a:3:{s:5:"label";s:9:"operacion";s:5:"campo";s:9:"operacion";s:4:"tipo";s:5:"Texto";}i:23;a:3:{s:5:"label";s:16:"posicionpaciente";s:5:"campo";s:16:"posicionpaciente";s:4:"tipo";s:5:"Texto";}i:24;a:3:{s:5:"label";s:9:"hallazgos";s:5:"campo";s:9:"hallazgos";s:4:"tipo";s:5:"Texto";}i:25;a:4:{s:5:"label";s:15:"condicionherida";s:5:"campo";s:15:"condicionherida";s:4:"tipo";s:6:"Simple";s:7:"valores";s:43:"Limpia,Limpia contaminada,Contaminada,Sucia";}i:26;a:3:{s:5:"label";s:13:"procedimiento";s:5:"campo";s:13:"procedimiento";s:4:"tipo";s:5:"Texto";}}', '2016-02-16 06:07:02'),
(8, 'HNDM3', 'a:24:{i:0;a:3:{s:5:"label";s:2:"hc";s:5:"campo";s:2:"hc";s:4:"tipo";s:5:"Texto";}i:1;a:3:{s:5:"label";s:8:"servicio";s:5:"campo";s:8:"servicio";s:4:"tipo";s:5:"Texto";}i:2;a:3:{s:5:"label";s:4:"piso";s:5:"campo";s:4:"piso";s:4:"tipo";s:5:"Texto";}i:3;a:3:{s:5:"label";s:4:"cama";s:5:"campo";s:4:"cama";s:4:"tipo";s:5:"Texto";}i:4;a:3:{s:5:"label";s:6:"nombre";s:5:"campo";s:6:"nombre";s:4:"tipo";s:5:"Texto";}i:5;a:3:{s:5:"label";s:9:"cirujano1";s:5:"campo";s:9:"cirujano1";s:4:"tipo";s:5:"Texto";}i:6;a:3:{s:5:"label";s:10:"asistente1";s:5:"campo";s:10:"asistente1";s:4:"tipo";s:5:"Texto";}i:7;a:3:{s:5:"label";s:10:"residente1";s:5:"campo";s:10:"residente1";s:4:"tipo";s:5:"Texto";}i:8;a:3:{s:5:"label";s:14:"instrumentista";s:5:"campo";s:14:"instrumentista";s:4:"tipo";s:5:"Texto";}i:9;a:3:{s:5:"label";s:13:"perfusionista";s:5:"campo";s:13:"perfusionista";s:4:"tipo";s:5:"Texto";}i:10;a:3:{s:5:"label";s:8:"auxiliar";s:5:"campo";s:8:"auxiliar";s:4:"tipo";s:5:"Texto";}i:11;a:3:{s:5:"label";s:9:"anestesia";s:5:"campo";s:9:"anestesia";s:4:"tipo";s:5:"Texto";}i:12;a:3:{s:5:"label";s:10:"medicacion";s:5:"campo";s:10:"medicacion";s:4:"tipo";s:5:"Texto";}i:13;a:3:{s:5:"label";s:6:"tiempo";s:5:"campo";s:6:"tiempo";s:4:"tipo";s:5:"Texto";}i:14;a:3:{s:5:"label";s:5:"fecha";s:5:"campo";s:5:"fecha";s:4:"tipo";s:5:"Texto";}i:15;a:3:{s:5:"label";s:4:"hora";s:5:"campo";s:4:"hora";s:4:"tipo";s:5:"Texto";}i:16;a:4:{s:5:"label";s:11:"tipocirugia";s:5:"campo";s:11:"tipocirugia";s:4:"tipo";s:6:"Simple";s:7:"valores";s:14:"Abierta,Laparo";}i:17;a:3:{s:5:"label";s:13:"preoperatorio";s:5:"campo";s:13:"preoperatorio";s:4:"tipo";s:5:"Texto";}i:18;a:3:{s:5:"label";s:14:"postoperatorio";s:5:"campo";s:14:"postoperatorio";s:4:"tipo";s:5:"Texto";}i:19;a:3:{s:5:"label";s:16:"posicionpaciente";s:5:"campo";s:16:"posicionpaciente";s:4:"tipo";s:5:"Texto";}i:20;a:3:{s:5:"label";s:9:"operacion";s:5:"campo";s:9:"operacion";s:4:"tipo";s:5:"Texto";}i:21;a:3:{s:5:"label";s:9:"hallazgos";s:5:"campo";s:9:"hallazgos";s:4:"tipo";s:5:"Texto";}i:22;a:4:{s:5:"label";s:15:"condicionherida";s:5:"campo";s:15:"condicionherida";s:4:"tipo";s:6:"Simple";s:7:"valores";s:43:"Limpia,Limpia contaminada,Contaminada,Sucia";}i:23;a:3:{s:5:"label";s:13:"procedimiento";s:5:"campo";s:13:"procedimiento";s:4:"tipo";s:5:"Texto";}}', '2016-02-18 03:31:07'),
(9, 'EJEMPLO MODELO', 'a:26:{i:0;a:3:{s:5:"label";s:15:"Hist. Clin. Nº";s:5:"campo";s:2:"hc";s:4:"tipo";s:5:"Texto";}i:1;a:3:{s:5:"label";s:8:"Servicio";s:5:"campo";s:8:"servicio";s:4:"tipo";s:5:"Texto";}i:2;a:3:{s:5:"label";s:4:"Piso";s:5:"campo";s:4:"piso";s:4:"tipo";s:5:"Texto";}i:3;a:3:{s:5:"label";s:8:"Cama Nº";s:5:"campo";s:4:"cama";s:4:"tipo";s:5:"Texto";}i:4;a:3:{s:5:"label";s:6:"Nombre";s:5:"campo";s:6:"nombre";s:4:"tipo";s:5:"Texto";}i:5;a:3:{s:5:"label";s:8:"Cirujano";s:5:"campo";s:9:"cirujano1";s:4:"tipo";s:5:"Texto";}i:6;a:3:{s:5:"label";s:13:"Anestesiologo";s:5:"campo";s:13:"anestesiologo";s:4:"tipo";s:5:"Texto";}i:7;a:3:{s:5:"label";s:10:"Asistentes";s:5:"campo";s:10:"asistente1";s:4:"tipo";s:5:"Texto";}i:8;a:3:{s:5:"label";s:9:"Residente";s:5:"campo";s:10:"residente1";s:4:"tipo";s:5:"Texto";}i:9;a:3:{s:5:"label";s:7:"Interno";s:5:"campo";s:8:"interno1";s:4:"tipo";s:5:"Texto";}i:10;a:3:{s:5:"label";s:14:"Instrumentista";s:5:"campo";s:14:"instrumentista";s:4:"tipo";s:5:"Texto";}i:11;a:3:{s:5:"label";s:13:"Perfusionista";s:5:"campo";s:13:"perfusionista";s:4:"tipo";s:5:"Texto";}i:12;a:3:{s:5:"label";s:24:" Medicación anestésica";s:5:"campo";s:10:"medicacion";s:4:"tipo";s:5:"Texto";}i:13;a:3:{s:5:"label";s:17:"Tiempo operatorio";s:5:"campo";s:6:"tiempo";s:4:"tipo";s:5:"Texto";}i:14;a:3:{s:5:"label";s:5:"Fecha";s:5:"campo";s:5:"fecha";s:4:"tipo";s:5:"Texto";}i:15;a:3:{s:5:"label";s:4:"Hora";s:5:"campo";s:4:"hora";s:4:"tipo";s:5:"Texto";}i:16;a:4:{s:5:"label";s:16:"Tipo de Cirugía";s:5:"campo";s:11:"tipocirugia";s:4:"tipo";s:6:"Simple";s:7:"valores";s:21:"Abierta, Laparoscopia";}i:17;a:3:{s:5:"label";s:16:"Auxiliar de Sala";s:5:"campo";s:8:"auxiliar";s:4:"tipo";s:5:"Texto";}i:18;a:3:{s:5:"label";s:17:"Tipo de anestesia";s:5:"campo";s:9:"anestesia";s:4:"tipo";s:5:"Texto";}i:19;a:3:{s:5:"label";s:27:"DIAGNÓSTICO PRE-OPERATORIO";s:5:"campo";s:13:"preoperatorio";s:4:"tipo";s:5:"Texto";}i:20;a:3:{s:5:"label";s:28:"DIAGNÓSTICO POST-OPERATORIO";s:5:"campo";s:14:"postoperatorio";s:4:"tipo";s:5:"Texto";}i:21;a:3:{s:5:"label";s:20:"OPERACIÓN REALIZADA";s:5:"campo";s:9:"operacion";s:4:"tipo";s:5:"Texto";}i:22;a:3:{s:5:"label";s:22:"Posición del paciente";s:5:"campo";s:16:"posicionpaciente";s:4:"tipo";s:5:"Texto";}i:23;a:3:{s:5:"label";s:9:"HALLAZGOS";s:5:"campo";s:9:"hallazgos";s:4:"tipo";s:5:"Texto";}i:24;a:3:{s:5:"label";s:34:"Condición de la herida operatoria";s:5:"campo";s:15:"condicionherida";s:4:"tipo";s:5:"Texto";}i:25;a:3:{s:5:"label";s:25:"PROCEDIMIENTO QUIRÚRGICO";s:5:"campo";s:13:"procedimiento";s:4:"tipo";s:5:"Texto";}}', '2016-02-18 10:09:26'),
(10, 'Formulario columnas', 'a:9:{i:0;a:3:{s:5:"label";s:6:"Nombre";s:5:"campo";s:6:"nombre";s:4:"tipo";s:5:"Texto";}i:1;a:3:{s:5:"label";s:8:"Apellido";s:5:"campo";s:8:"apellido";s:4:"tipo";s:5:"Texto";}i:2;a:3:{s:5:"label";s:6:"cedula";s:5:"campo";s:6:"cedula";s:4:"tipo";s:5:"Texto";}i:3;a:3:{s:5:"label";s:12:"Nacionalidad";s:5:"campo";s:12:"nacionalidad";s:4:"tipo";s:5:"Texto";}i:4;a:3:{s:5:"label";s:10:"Nacimiento";s:5:"campo";s:10:"nacimiento";s:4:"tipo";s:5:"Texto";}i:5;a:3:{s:5:"label";s:7:"Carrera";s:5:"campo";s:7:"carrera";s:4:"tipo";s:5:"Texto";}i:6;a:3:{s:5:"label";s:11:"Experiencia";s:5:"campo";s:11:"experiencia";s:4:"tipo";s:5:"Texto";}i:7;a:3:{s:5:"label";s:9:"Proyectos";s:5:"campo";s:9:"proyectos";s:4:"tipo";s:5:"Texto";}i:8;a:3:{s:5:"label";s:10:"Postgrados";s:5:"campo";s:10:"postgrados";s:4:"tipo";s:5:"Texto";}}', '2016-02-19 00:48:43'),
(11, 'CTCV - HNDM (Rep. Op)', 'a:26:{i:0;a:3:{s:5:"label";s:17:"Historia Clínica";s:5:"campo";s:2:"hc";s:4:"tipo";s:5:"Texto";}i:1;a:3:{s:5:"label";s:8:"Servicio";s:5:"campo";s:8:"servicio";s:4:"tipo";s:5:"Texto";}i:2;a:3:{s:5:"label";s:4:"Piso";s:5:"campo";s:4:"piso";s:4:"tipo";s:5:"Texto";}i:3;a:3:{s:5:"label";s:4:"Cama";s:5:"campo";s:4:"cama";s:4:"tipo";s:5:"Texto";}i:4;a:3:{s:5:"label";s:19:"Nombre del paciente";s:5:"campo";s:6:"nombre";s:4:"tipo";s:5:"Texto";}i:5;a:3:{s:5:"label";s:8:"Cirujano";s:5:"campo";s:9:"cirujano1";s:4:"tipo";s:5:"Texto";}i:6;a:3:{s:5:"label";s:14:"Anestesiólogo";s:5:"campo";s:13:"anestesiologo";s:4:"tipo";s:5:"Texto";}i:7;a:3:{s:5:"label";s:20:"Ayudante (Asistente)";s:5:"campo";s:10:"asistente1";s:4:"tipo";s:5:"Texto";}i:8;a:3:{s:5:"label";s:21:"Ayudante (Residentes)";s:5:"campo";s:10:"residente1";s:4:"tipo";s:5:"Texto";}i:9;a:3:{s:5:"label";s:7:"Interno";s:5:"campo";s:8:"interno1";s:4:"tipo";s:5:"Texto";}i:10;a:3:{s:5:"label";s:14:"Instrumentista";s:5:"campo";s:14:"instrumentista";s:4:"tipo";s:5:"Texto";}i:11;a:3:{s:5:"label";s:13:"Perfusionista";s:5:"campo";s:13:"perfusionista";s:4:"tipo";s:5:"Texto";}i:12;a:3:{s:5:"label";s:16:"Auxiliar de Sala";s:5:"campo";s:8:"auxiliar";s:4:"tipo";s:5:"Texto";}i:13;a:3:{s:5:"label";s:17:"Tipo de anestesia";s:5:"campo";s:9:"anestesia";s:4:"tipo";s:5:"Texto";}i:14;a:3:{s:5:"label";s:23:"Medicación anestésica";s:5:"campo";s:10:"medicacion";s:4:"tipo";s:5:"Texto";}i:15;a:3:{s:5:"label";s:17:"Tiempo operatorio";s:5:"campo";s:6:"tiempo";s:4:"tipo";s:5:"Texto";}i:16;a:3:{s:5:"label";s:5:"Fecha";s:5:"campo";s:5:"fecha";s:4:"tipo";s:5:"Texto";}i:17;a:3:{s:5:"label";s:4:"Hora";s:5:"campo";s:4:"hora";s:4:"tipo";s:5:"Texto";}i:18;a:4:{s:5:"label";s:16:"Tipo de Cirugía";s:5:"campo";s:11:"tipocirugia";s:4:"tipo";s:6:"Simple";s:7:"valores";s:20:"Abierta,Endoscópica";}i:19;a:3:{s:5:"label";s:22:"Posición del paciente";s:5:"campo";s:16:"posicionpaciente";s:4:"tipo";s:5:"Texto";}i:20;a:3:{s:5:"label";s:27:"Diagnóstico Pre-Operatorio";s:5:"campo";s:13:"preoperatorio";s:4:"tipo";s:5:"Texto";}i:21;a:3:{s:5:"label";s:28:"Diagnóstico Post-Operatorio";s:5:"campo";s:14:"postoperatorio";s:4:"tipo";s:5:"Texto";}i:22;a:3:{s:5:"label";s:20:"Operación realizada";s:5:"campo";s:9:"operacion";s:4:"tipo";s:5:"Texto";}i:23;a:3:{s:5:"label";s:9:"Hallazgos";s:5:"campo";s:9:"hallazgos";s:4:"tipo";s:5:"Texto";}i:24;a:4:{s:5:"label";s:34:"Condición de la herida operatoria";s:5:"campo";s:15:"condicionherida";s:4:"tipo";s:6:"Simple";s:7:"valores";s:43:"Limpia,Limpia contaminada,Contaminada,Sucia";}i:25;a:3:{s:5:"label";s:25:"Procedimiento Quirúrgico";s:5:"campo";s:13:"procedimiento";s:4:"tipo";s:5:"Texto";}}', '2016-02-25 02:48:42'),
(12, 'Formulario - Rep. Op. CTCV - HNDM', 'a:40:{i:0;a:3:{s:5:"label";s:17:"Historia Clínica";s:5:"campo";s:2:"hc";s:4:"tipo";s:5:"Texto";}i:1;a:3:{s:5:"label";s:8:"Servicio";s:5:"campo";s:8:"servicio";s:4:"tipo";s:5:"Texto";}i:2;a:3:{s:5:"label";s:4:"Piso";s:5:"campo";s:4:"piso";s:4:"tipo";s:5:"Texto";}i:3;a:3:{s:5:"label";s:4:"Cama";s:5:"campo";s:4:"cama";s:4:"tipo";s:5:"Texto";}i:4;a:3:{s:5:"label";s:19:"Nombre del paciente";s:5:"campo";s:6:"nombre";s:4:"tipo";s:5:"Texto";}i:5;a:3:{s:5:"label";s:8:"Cirujano";s:5:"campo";s:9:"cirujano1";s:4:"tipo";s:5:"Texto";}i:6;a:3:{s:5:"label";s:14:"Anestesiólogo";s:5:"campo";s:13:"anestesiologo";s:4:"tipo";s:5:"Texto";}i:7;a:3:{s:5:"label";s:31:"Ayudantes (Médicos Asistentes)";s:5:"campo";s:10:"asistente1";s:4:"tipo";s:5:"Texto";}i:8;a:3:{s:5:"label";s:31:"Ayudantes (Médicos Residentes)";s:5:"campo";s:10:"residente1";s:4:"tipo";s:5:"Texto";}i:9;a:3:{s:5:"label";s:7:"Interno";s:5:"campo";s:8:"interno1";s:4:"tipo";s:5:"Texto";}i:10;a:3:{s:5:"label";s:14:"Instrumentista";s:5:"campo";s:14:"instrumentista";s:4:"tipo";s:5:"Texto";}i:11;a:3:{s:5:"label";s:13:"Perfusionista";s:5:"campo";s:13:"perfusionista";s:4:"tipo";s:5:"Texto";}i:12;a:3:{s:5:"label";s:16:"Auxiliar de Sala";s:5:"campo";s:8:"auxiliar";s:4:"tipo";s:5:"Texto";}i:13;a:3:{s:5:"label";s:17:"Tipo de anestesia";s:5:"campo";s:9:"anestesia";s:4:"tipo";s:5:"Texto";}i:14;a:3:{s:5:"label";s:23:"Medicación anestésica";s:5:"campo";s:10:"medicacion";s:4:"tipo";s:5:"Texto";}i:15;a:3:{s:5:"label";s:17:"Tiempo operatorio";s:5:"campo";s:6:"tiempo";s:4:"tipo";s:5:"Texto";}i:16;a:3:{s:5:"label";s:5:"Fecha";s:5:"campo";s:5:"fecha";s:4:"tipo";s:5:"Texto";}i:17;a:3:{s:5:"label";s:4:"Hora";s:5:"campo";s:4:"hora";s:4:"tipo";s:5:"Texto";}i:18;a:4:{s:5:"label";s:16:"Tipo de Cirugía";s:5:"campo";s:11:"tipocirugia";s:4:"tipo";s:6:"Simple";s:7:"valores";s:20:"Abierta,Endoscópica";}i:19;a:3:{s:5:"label";s:22:"Posición del paciente";s:5:"campo";s:16:"posicionpaciente";s:4:"tipo";s:5:"Texto";}i:20;a:3:{s:5:"label";s:27:"Diagnóstico Pre-Operatorio";s:5:"campo";s:13:"preoperatorio";s:4:"tipo";s:5:"Texto";}i:21;a:3:{s:5:"label";s:28:"Diagnóstico Post-Operatorio";s:5:"campo";s:14:"postoperatorio";s:4:"tipo";s:5:"Texto";}i:22;a:3:{s:5:"label";s:20:"Operación realizada";s:5:"campo";s:9:"operacion";s:4:"tipo";s:5:"Texto";}i:23;a:3:{s:5:"label";s:9:"Hallazgos";s:5:"campo";s:9:"hallazgos";s:4:"tipo";s:5:"Texto";}i:24;a:4:{s:5:"label";s:34:"Condición de la herida operatoria";s:5:"campo";s:15:"condicionherida";s:4:"tipo";s:6:"Simple";s:7:"valores";s:43:"Limpia,Limpia contaminada,Contaminada,Sucia";}i:25;a:3:{s:5:"label";s:25:"Procedimiento Quirúrgico";s:5:"campo";s:13:"procedimiento";s:4:"tipo";s:5:"Texto";}i:26;a:3:{s:5:"label";s:10:"Quirófano";s:5:"campo";s:9:"quirofano";s:4:"tipo";s:5:"Texto";}i:27;a:3:{s:5:"label";s:22:"Edad (valor numérico)";s:5:"campo";s:4:"edad";s:4:"tipo";s:5:"Texto";}i:28;a:4:{s:5:"label";s:23:"Edad (unidad de medida)";s:5:"campo";s:4:"unid";s:4:"tipo";s:6:"Simple";s:7:"valores";s:23:"Horas,Días,Meses,Años";}i:29;a:4:{s:5:"label";s:26:"Aseguramiento del paciente";s:5:"campo";s:11:"financiador";s:4:"tipo";s:6:"Simple";s:7:"valores";s:16:"SIS,SOAT,Pagante";}i:30;a:3:{s:5:"label";s:20:"Peso (en kilogramos)";s:5:"campo";s:4:"peso";s:4:"tipo";s:5:"Texto";}i:31;a:3:{s:5:"label";s:26:"Tiempo de hospitalización";s:5:"campo";s:10:"tiempohosp";s:4:"tipo";s:5:"Texto";}i:32;a:3:{s:5:"label";s:39:"Cuidados y tratamientos pre-operatorios";s:5:"campo";s:8:"cuidados";s:4:"tipo";s:5:"Texto";}i:33;a:3:{s:5:"label";s:30:"Complicaciones pre-operatorias";s:5:"campo";s:17:"complicacionespre";s:4:"tipo";s:5:"Texto";}i:34;a:4:{s:5:"label";s:13:"Programación";s:5:"campo";s:12:"programacion";s:4:"tipo";s:6:"Simple";s:7:"valores";s:19:"Electiva,Emergencia";}i:35;a:3:{s:5:"label";s:16:"Tipos de drenaje";s:5:"campo";s:7:"drenaje";s:4:"tipo";s:5:"Texto";}i:36;a:3:{s:5:"label";s:17:"Recuento de gasas";s:5:"campo";s:5:"gasas";s:4:"tipo";s:0:"";}i:37;a:3:{s:5:"label";s:79:"Piezas operatorias o secreciones enviadas a Laboratorio o Anatomía Patológica";s:5:"campo";s:6:"piezas";s:4:"tipo";s:5:"Texto";}i:38;a:4:{s:5:"label";s:33:"Destino inmediato post-operatorio";s:5:"campo";s:7:"destino";s:4:"tipo";s:6:"Simple";s:7:"valores";s:38:"UCI-CV,Recuperación Central,Mortuorio";}i:39;a:3:{s:5:"label";s:13:"Observaciones";s:5:"campo";s:13:"observaciones";s:4:"tipo";s:5:"Texto";}}', '2016-02-26 19:18:32'),
(13, 'CG-Form1', 'a:25:{i:0;a:3:{s:5:"label";s:17:"Historia Clínica";s:5:"campo";s:2:"hc";s:4:"tipo";s:5:"Texto";}i:1;a:3:{s:5:"label";s:8:"Servicio";s:5:"campo";s:8:"servicio";s:4:"tipo";s:5:"Texto";}i:2;a:3:{s:5:"label";s:4:"Piso";s:5:"campo";s:4:"piso";s:4:"tipo";s:5:"Texto";}i:3;a:3:{s:5:"label";s:4:"Cama";s:5:"campo";s:4:"cama";s:4:"tipo";s:5:"Texto";}i:4;a:3:{s:5:"label";s:8:"Paciente";s:5:"campo";s:6:"nombre";s:4:"tipo";s:5:"Texto";}i:5;a:3:{s:5:"label";s:18:"Cirujano principal";s:5:"campo";s:9:"cirujano1";s:4:"tipo";s:5:"Texto";}i:6;a:3:{s:5:"label";s:14:"Anestesiólogo";s:5:"campo";s:13:"anestesiologo";s:4:"tipo";s:5:"Texto";}i:7;a:3:{s:5:"label";s:31:"Ayudantes (Médicos Asistentes)";s:5:"campo";s:10:"asistente1";s:4:"tipo";s:5:"Texto";}i:8;a:3:{s:5:"label";s:31:"Ayudantes (Médicos Residentes)";s:5:"campo";s:10:"residente1";s:4:"tipo";s:5:"Texto";}i:9;a:3:{s:5:"label";s:7:"Interno";s:5:"campo";s:7:"interno";s:4:"tipo";s:5:"Texto";}i:10;a:3:{s:5:"label";s:14:"Instrumentista";s:5:"campo";s:14:"instrumentista";s:4:"tipo";s:5:"Texto";}i:11;a:3:{s:5:"label";s:16:"Auxiliar de Sala";s:5:"campo";s:8:"auxiliar";s:4:"tipo";s:5:"Texto";}i:12;a:3:{s:5:"label";s:17:"Tipo de anestesia";s:5:"campo";s:9:"anestesia";s:4:"tipo";s:5:"Texto";}i:13;a:3:{s:5:"label";s:23:"Medicación anestésica";s:5:"campo";s:10:"medicacion";s:4:"tipo";s:5:"Texto";}i:14;a:3:{s:5:"label";s:17:"Tiempo operatorio";s:5:"campo";s:6:"tiempo";s:4:"tipo";s:5:"Texto";}i:15;a:3:{s:5:"label";s:5:"Fecha";s:5:"campo";s:5:"fecha";s:4:"tipo";s:5:"Texto";}i:16;a:3:{s:5:"label";s:4:"Hora";s:5:"campo";s:4:"hora";s:4:"tipo";s:5:"Texto";}i:17;a:4:{s:5:"label";s:16:"Tipo de Cirugía";s:5:"campo";s:11:"tipocirugia";s:4:"tipo";s:6:"Simple";s:7:"valores";s:20:"Abierta,Endoscópica";}i:18;a:3:{s:5:"label";s:22:"Posición del paciente";s:5:"campo";s:16:"posicionpaciente";s:4:"tipo";s:5:"Texto";}i:19;a:3:{s:5:"label";s:27:"Diagnóstico Pre-Operatorio";s:5:"campo";s:13:"preoperatorio";s:4:"tipo";s:5:"Texto";}i:20;a:3:{s:5:"label";s:28:"Diagnóstico Post-Operatorio";s:5:"campo";s:14:"postoperatorio";s:4:"tipo";s:5:"Texto";}i:21;a:3:{s:5:"label";s:20:"Operación realizada";s:5:"campo";s:9:"operacion";s:4:"tipo";s:5:"Texto";}i:22;a:3:{s:5:"label";s:9:"Hallazgos";s:5:"campo";s:9:"hallazgos";s:4:"tipo";s:5:"Texto";}i:23;a:4:{s:5:"label";s:34:"Condición de la herida operatoria";s:5:"campo";s:15:"condicionherida";s:4:"tipo";s:6:"Simple";s:7:"valores";s:43:"Limpia,Limpia contaminada,Contaminada,Sucia";}i:24;a:3:{s:5:"label";s:25:"Procedimiento Quirúrgico";s:5:"campo";s:13:"procedimiento";s:4:"tipo";s:5:"Texto";}}', '2016-03-18 21:49:55');

-- --------------------------------------------------------

--
-- Estructura de tabla para la tabla `formulario_plantilla`
--

CREATE TABLE IF NOT EXISTS `formulario_plantilla` (
  `id` int(11) NOT NULL AUTO_INCREMENT,
  `formulario_id` int(11) NOT NULL,
  `plantilla_id` int(11) NOT NULL,
  `usuario_id` int(11) NOT NULL,
  `creado` timestamp NOT NULL DEFAULT CURRENT_TIMESTAMP,
  `equipo_id` int(11) NOT NULL,
  PRIMARY KEY (`id`)
) ENGINE=InnoDB  DEFAULT CHARSET=latin1 AUTO_INCREMENT=8 ;

--
-- Volcado de datos para la tabla `formulario_plantilla`
--

INSERT INTO `formulario_plantilla` (`id`, `formulario_id`, `plantilla_id`, `usuario_id`, `creado`, `equipo_id`) VALUES
(1, 13, 3, 23, '2016-03-25 16:11:00', 2),
(2, 13, 4, 23, '2016-03-25 16:11:14', 2),
(3, 11, 1, 23, '2016-03-25 16:11:23', 1),
(5, 11, 2, 23, '2016-03-25 16:12:52', 1),
(6, 13, 5, 36, '2016-03-25 17:06:08', 2),
(7, 13, 6, 36, '2016-03-25 17:06:27', 2);

-- --------------------------------------------------------

--
-- Estructura de tabla para la tabla `intervenciones`
--

CREATE TABLE IF NOT EXISTS `intervenciones` (
  `id` int(11) NOT NULL AUTO_INCREMENT,
  `identificador` text,
  `usuario_id` int(11) NOT NULL,
  `formulario` text NOT NULL,
  `url_pdf` longtext,
  `equipos_pertenece` varchar(200) DEFAULT NULL,
  `plantilla_nombre` varchar(200) DEFAULT NULL,
  `formulario_id` int(11) DEFAULT NULL,
  `creado` timestamp NULL DEFAULT NULL,
  PRIMARY KEY (`id`)
) ENGINE=InnoDB  DEFAULT CHARSET=latin1 AUTO_INCREMENT=32 ;

--
-- Volcado de datos para la tabla `intervenciones`
--

INSERT INTO `intervenciones` (`id`, `identificador`, `usuario_id`, `formulario`, `url_pdf`, `equipos_pertenece`, `plantilla_nombre`, `formulario_id`, `creado`) VALUES
(1, '6e947b33ffb1b8661c4a784604699f38', 39, 'a:28:{s:2:"id";s:1:"1";s:2:"hc";s:15:"Hist. Clin. Nº";s:8:"servicio";s:8:"Servicio";s:4:"piso";s:4:"Piso";s:4:"cama";s:8:"Cama Nº";s:6:"nombre";s:6:"Nombre";s:9:"cirujano1";s:25:"(39) Henry Peralta Santos";s:13:"anestesiologo";s:19:"(37) Américo Peña";s:10:"asistente1";s:20:"Ayudante (Asistente)";s:10:"residente1";s:21:"Ayudante (Residentes)";s:8:"interno1";s:7:"Interno";s:14:"instrumentista";s:14:"Instrumentista";s:13:"perfusionista";s:13:"Perfusionista";s:8:"auxiliar";s:16:"Auxiliar de Sala";s:9:"anestesia";s:17:"Tipo de anestesia";s:10:"medicacion";s:23:"Medicación anestésica";s:6:"tiempo";s:8:"02:30:20";s:5:"fecha";s:10:"2016-03-25";s:4:"hora";s:7:"9:10 am";s:11:"tipocirugia";s:7:"Abierta";s:16:"posicionpaciente";s:22:"Posición del paciente";s:13:"preoperatorio";s:27:"DIAGNÓSTICO PRE-OPERATORIO";s:14:"postoperatorio";s:28:"DIAGNÓSTICO POST-OPERATORIO";s:9:"operacion";s:20:"OPERACIÓN REALIZADA";s:9:"hallazgos";s:9:"Hallazgos";s:15:"condicionherida";s:6:"Limpia";s:13:"procedimiento";s:25:"PROCEDIMIENTO QUIRÚRGICO";s:6:"creado";s:18:"2016-3-25 14:44:28";}', 'a:2:{i:0;s:76:"/plataforma/archivos/get_/CTCV-HNDM-2016_03_19_14_35_19_-Hist._Clin._Nº.pdf";i:1;s:76:"/plataforma/archivos/get_/CTCV-HNDM-2016_03_49_15_14_49_-Hist._Clin._Nº.pdf";}', '1', 'Generar reporte con: Libro-CTCV', 11, '2016-03-25 21:44:28'),
(2, '40044a7d0f1c378312345a2244f764fa', 40, 'a:27:{s:2:"id";s:1:"2";s:2:"hc";s:7:"1412312";s:8:"servicio";s:2:"H4";s:4:"piso";s:2:"H4";s:4:"cama";s:1:"5";s:6:"nombre";s:13:"Miguel Chavez";s:9:"cirujano1";s:19:"(40) Alenkar Torres";s:13:"anestesiologo";s:22:"(38) Juan Dennis Apaza";s:10:"asistente1";s:8:"Dr. Sano";s:10:"residente1";s:10:"R2 Dragón";s:7:"interno";s:1:"-";s:14:"instrumentista";s:1:"-";s:8:"auxiliar";s:1:"-";s:9:"anestesia";s:7:"General";s:10:"medicacion";s:8:"Sevorane";s:6:"tiempo";s:8:"02:30:30";s:5:"fecha";s:10:"2016-03-10";s:4:"hora";s:5:"09:00";s:11:"tipocirugia";s:7:"Abierta";s:16:"posicionpaciente";s:3:"DDO";s:13:"preoperatorio";s:144:"Lorem ipsum dolor sit amet, consectetuer adipiscing elit, sed diam nonummy nibh euismod tincidunt ut laoreet dolore magna aliquam erat volutpat.";s:14:"postoperatorio";s:144:"Lorem ipsum dolor sit amet, consectetuer adipiscing elit, sed diam nonummy nibh euismod tincidunt ut laoreet dolore magna aliquam erat volutpat.";s:9:"operacion";s:106:"Remplazo valvular aórtico con PB Nro 21 + remplazo valvular mitral con PM 27 + Anulolastría tricuspídea";s:9:"hallazgos";s:1024:"Lorem ipsum dolor sit amet, consectetuer adipiscing elit, sed diam nonummy nibh euismod tincidunt ut laoreet dolore magna aliquam erat volutpat. Ut wisi enim ad minim veniam, quis nostrud exerci tation ullamcorper suscipit lobortis nisl ut aliquip ex ea commodo consequat. Duis autem vel eum iriure dolor in hendrerit in vulputate velit esse molestie consequat, vel illum dolore eu feugiat nulla facilisis at vero eros et accumsan et iusto odio dignissim qui blandit praesent luptatum zzril delenit augue duis dolore te feugait nulla facilisi. Nam liber tempor cum soluta nobis eleifend option congue nihil imperdiet doming id quod mazim placerat facer possim assum. Typi non habent claritatem insitam; est usus legentis in iis qui facit eorum claritatem. Investigationes demonstraverunt lectores legere me lius quod ii legunt saepius. Claritas est etiam processus dynamicus, qui sequitur mutationem consuetudium lectorum. Mirum est notare quam littera gothica, quam nunc putamus parum claram, anteposuerit litterarum formas";s:15:"condicionherida";s:18:"Limpia contaminada";s:13:"procedimiento";s:889:"Duis autem vel eum iriure dolor in hendrerit in vulputate velit esse molestie consequat, vel illum dolore eu feugiat nulla facilisis at vero eros et accumsan et iusto odio dignissim qui blandit praesent luptatum zzril delenit augue duis dolore te feugait nulla facilisi. Nam liber tempor cum soluta nobis eleifend option congue nihil imperdiet doming id quod mazim placerat facer possim assum. Typi non habent claritatem insitam; est usus legentis in iis qui facit eorum claritatem. Investigationes demonstraverunt lectores legere me lius quod ii legunt saepius. Claritas est etiam processus dynamicus, qui sequitur mutationem consuetudium lectorum. Mirum est notare quam littera gothica, quam nunc putamus parum claram, anteposuerit litterarum formas humanitatis per seacula quarta decima et quinta decima. Eodem modo typi, qui nunc nobis videntur parum clari, fiant sollemnes in futurum.";s:6:"creado";s:18:"2016-3-25 16:15:42";}', 'a:2:{i:0;s:66:"/plataforma/archivos/get_/CG-HNDM-2016_03_54_17_15_54_-1412312.pdf";i:1;s:66:"/plataforma/archivos/get_/CG-HNDM-2016_03_05_17_16_05_-1412312.pdf";}', '2', 'Generar reporte con: Libro-CG', 13, '2016-03-25 23:15:42'),
(3, '89206b4d52034b4afce3120b019c2578', 39, 'a:28:{s:2:"id";s:1:"3";s:2:"hc";s:6:"123456";s:8:"servicio";s:4:"CTCV";s:4:"piso";s:6:"UCI CV";s:4:"cama";s:1:"4";s:6:"nombre";s:24:"Jorge Ramírez Cárdenas";s:9:"cirujano1";s:25:"(39) Henry Peralta Santos";s:13:"anestesiologo";s:9:"Dr. Pardo";s:10:"asistente1";s:11:"Dr. Quiquin";s:10:"residente1";s:8:"R2 Peña";s:8:"interno1";s:10:"Int. Lucho";s:14:"instrumentista";s:13:"Lic. Trujillo";s:13:"perfusionista";s:12:"Lic. Saravia";s:8:"auxiliar";s:11:"Tec. Steffy";s:9:"anestesia";s:7:"General";s:10:"medicacion";s:8:"Sevorane";s:6:"tiempo";s:8:"04:00:00";s:5:"fecha";s:10:"2016-03-25";s:4:"hora";s:5:"09:00";s:11:"tipocirugia";s:7:"Abierta";s:16:"posicionpaciente";s:3:"DDO";s:13:"preoperatorio";s:29:"Insuficiencia aórtica severa";s:14:"postoperatorio";s:29:"Insuficiencia aórtica severa";s:9:"operacion";s:68:"Remplazo valvular aórtico con prótesis biológica Nro 21 Medtronic";s:9:"hallazgos";s:449:"Lorem ipsum ad his scripta blandit partiendo, eum fastidii accumsan euripidis in, eum liber hendrerit an. Qui ut wisi vocibus suscipiantur, quo dicit ridens inciderint id. Quo mundi lobortis reformidans eu, legimus senserit definiebas an eos. Eu sit tincidunt incorrupte definitionem, vis mutat affert percipit cu, eirmod consectetuer signiferumque eu per. In usu latine equidem dolores. Quo no falli viris intellegam, ut fugit veritus placerat per.";s:15:"condicionherida";s:6:"Limpia";s:13:"procedimiento";s:906:"Ius id vidit volumus mandamus, vide veritus democritum te nec, ei eos debet libris consulatu. No mei ferri graeco dicunt, ad cum veri accommodare. Sed at malis omnesque delicata, usu et iusto zzril meliore. Dicunt maiorum eloquentiam cum cu, sit summo dolor essent te. Ne quodsi nusquam legendos has, ea dicit voluptua eloquentiam pro, ad sit quas qualisque. Eos vocibus deserunt quaestio ei. Blandit incorrupte quaerendum in quo, nibh impedit id vis, vel no nullam semper audiam. Ei populo graeci consulatu mei, has ea stet modus phaedrum. Inani oblique ne has, duo et veritus detraxit. Tota ludus oratio ea mel, offendit persequeris ei vim. Eos dicat oratio partem ut, id cum ignota senserit intellegat. Sit inani ubique graecis ad, quando graecis liberavisse et cum, dicit option eruditi at duo. Homero salutatus suscipiantur eum id, tamquam voluptaria expetendis ad sed, nobis feugiat similique usu ex.";s:6:"creado";s:18:"2016-3-25 18:56:16";}', 'a:2:{i:0;s:67:"/plataforma/archivos/get_/CTCV-HNDM-2016_03_44_19_54_44_-123456.pdf";i:1;s:67:"/plataforma/archivos/get_/CTCV-HNDM-2016_03_37_19_56_37_-123456.pdf";}', '1', 'Generar reporte con: Libro-CTCV', 11, '2016-03-26 01:56:16'),
(4, 'ee74b4f8afb030eceddb28b20937420d', 38, 'a:26:{s:2:"hc";s:6:"123456";s:8:"servicio";s:2:"H4";s:4:"piso";s:2:"H4";s:4:"cama";s:1:"1";s:6:"nombre";s:18:"Cervantes Saavedra";s:9:"cirujano1";s:22:"(38) Juan Dennis Apaza";s:13:"anestesiologo";s:19:"(40) Alenkar Torres";s:10:"asistente1";s:12:"Dr. Quiquín";s:10:"residente1";s:10:"R2 Dragón";s:7:"interno";s:1:"-";s:14:"instrumentista";s:1:"-";s:8:"auxiliar";s:1:"-";s:9:"anestesia";s:7:"General";s:10:"medicacion";s:8:"Sevorane";s:6:"tiempo";s:8:"01:00:00";s:5:"fecha";s:10:"2016-03-26";s:4:"hora";s:5:"11:00";s:11:"tipocirugia";s:7:"Abierta";s:16:"posicionpaciente";s:3:"DDO";s:13:"preoperatorio";s:144:"Lorem ipsum dolor sit amet, consectetuer adipiscing elit, sed diam nonummy nibh euismod tincidunt ut laoreet dolore magna aliquam erat volutpat.";s:14:"postoperatorio";s:144:"Lorem ipsum dolor sit amet, consectetuer adipiscing elit, sed diam nonummy nibh euismod tincidunt ut laoreet dolore magna aliquam erat volutpat.";s:9:"operacion";s:14:"Hernioplastía";s:9:"hallazgos";s:272:"Lorem ipsum dolor sit amet, consectetuer adipiscing elit, sed diam nonummy nibh euismod tincidunt ut laoreet dolore magna aliquam erat volutpat. Ut wisi enim ad minim veniam, quis nostrud exerci tation ullamcorper suscipit lobortis nisl ut aliquip ex ea commodo consequat.";s:15:"condicionherida";s:6:"Limpia";s:13:"procedimiento";s:889:"Duis autem vel eum iriure dolor in hendrerit in vulputate velit esse molestie consequat, vel illum dolore eu feugiat nulla facilisis at vero eros et accumsan et iusto odio dignissim qui blandit praesent luptatum zzril delenit augue duis dolore te feugait nulla facilisi. Nam liber tempor cum soluta nobis eleifend option congue nihil imperdiet doming id quod mazim placerat facer possim assum. Typi non habent claritatem insitam; est usus legentis in iis qui facit eorum claritatem. Investigationes demonstraverunt lectores legere me lius quod ii legunt saepius. Claritas est etiam processus dynamicus, qui sequitur mutationem consuetudium lectorum. Mirum est notare quam littera gothica, quam nunc putamus parum claram, anteposuerit litterarum formas humanitatis per seacula quarta decima et quinta decima. Eodem modo typi, qui nunc nobis videntur parum clari, fiant sollemnes in futurum.";s:6:"creado";s:18:"2016-3-26 22:31:38";}', NULL, '2', 'Generar reporte con: HC-CG', 13, '2016-03-27 05:31:38'),
(5, 'b3ae53515b9ab2f782dbc71d3f2fe6b1', 38, 'a:26:{s:2:"hc";s:6:"123456";s:8:"servicio";s:2:"H4";s:4:"piso";s:2:"H4";s:4:"cama";s:1:"1";s:6:"nombre";s:18:"Cervantes Saavedra";s:9:"cirujano1";s:22:"(38) Juan Dennis Apaza";s:13:"anestesiologo";s:19:"(40) Alenkar Torres";s:10:"asistente1";s:12:"Dr. Quiquín";s:10:"residente1";s:10:"R2 Dragón";s:7:"interno";s:1:"-";s:14:"instrumentista";s:1:"-";s:8:"auxiliar";s:1:"-";s:9:"anestesia";s:7:"General";s:10:"medicacion";s:8:"Sevorane";s:6:"tiempo";s:8:"01:00:00";s:5:"fecha";s:10:"2016-03-26";s:4:"hora";s:5:"11:00";s:11:"tipocirugia";s:7:"Abierta";s:16:"posicionpaciente";s:3:"DDO";s:13:"preoperatorio";s:144:"Lorem ipsum dolor sit amet, consectetuer adipiscing elit, sed diam nonummy nibh euismod tincidunt ut laoreet dolore magna aliquam erat volutpat.";s:14:"postoperatorio";s:144:"Lorem ipsum dolor sit amet, consectetuer adipiscing elit, sed diam nonummy nibh euismod tincidunt ut laoreet dolore magna aliquam erat volutpat.";s:9:"operacion";s:14:"Hernioplastía";s:9:"hallazgos";s:272:"Lorem ipsum dolor sit amet, consectetuer adipiscing elit, sed diam nonummy nibh euismod tincidunt ut laoreet dolore magna aliquam erat volutpat. Ut wisi enim ad minim veniam, quis nostrud exerci tation ullamcorper suscipit lobortis nisl ut aliquip ex ea commodo consequat.";s:15:"condicionherida";s:6:"Limpia";s:13:"procedimiento";s:889:"Duis autem vel eum iriure dolor in hendrerit in vulputate velit esse molestie consequat, vel illum dolore eu feugiat nulla facilisis at vero eros et accumsan et iusto odio dignissim qui blandit praesent luptatum zzril delenit augue duis dolore te feugait nulla facilisi. Nam liber tempor cum soluta nobis eleifend option congue nihil imperdiet doming id quod mazim placerat facer possim assum. Typi non habent claritatem insitam; est usus legentis in iis qui facit eorum claritatem. Investigationes demonstraverunt lectores legere me lius quod ii legunt saepius. Claritas est etiam processus dynamicus, qui sequitur mutationem consuetudium lectorum. Mirum est notare quam littera gothica, quam nunc putamus parum claram, anteposuerit litterarum formas humanitatis per seacula quarta decima et quinta decima. Eodem modo typi, qui nunc nobis videntur parum clari, fiant sollemnes in futurum.";s:6:"creado";s:18:"2016-3-26 22:32:45";}', NULL, '2', 'Generar reporte con: HC-CG', 13, '2016-03-27 05:32:45'),
(6, 'bdcd3f39a1c6fa29f629e08fa6d9d0bd', 39, 'a:27:{s:2:"hc";s:6:"123456";s:8:"servicio";s:4:"CTCV";s:4:"piso";s:6:"CETIDE";s:4:"cama";s:1:"1";s:6:"nombre";s:15:"Arturo Kian Isa";s:9:"cirujano1";s:25:"(39) Henry Peralta Santos";s:13:"anestesiologo";s:19:"(37) Américo Peña";s:10:"asistente1";s:8:"Dr. Sano";s:10:"residente1";s:10:"R2 Dragón";s:8:"interno1";s:9:"Int. Vega";s:14:"instrumentista";s:9:"Lic. Vega";s:13:"perfusionista";s:11:"Lic. Torres";s:8:"auxiliar";s:11:"Tec. Steffy";s:9:"anestesia";s:7:"General";s:10:"medicacion";s:8:"Sevorane";s:6:"tiempo";s:8:"01:00:00";s:5:"fecha";s:10:"15-02-2016";s:4:"hora";s:5:"11:00";s:11:"tipocirugia";s:7:"Abierta";s:16:"posicionpaciente";s:3:"DDO";s:13:"preoperatorio";s:144:"Lorem ipsum dolor sit amet, consectetuer adipiscing elit, sed diam nonummy nibh euismod tincidunt ut laoreet dolore magna aliquam erat volutpat.";s:14:"postoperatorio";s:144:"Lorem ipsum dolor sit amet, consectetuer adipiscing elit, sed diam nonummy nibh euismod tincidunt ut laoreet dolore magna aliquam erat volutpat.";s:9:"operacion";s:106:"Remplazo valvular aórtico con PB Nro 21 + remplazo valvular mitral con PM 27 + Anulolastría tricuspídea";s:9:"hallazgos";s:1024:"Lorem ipsum dolor sit amet, consectetuer adipiscing elit, sed diam nonummy nibh euismod tincidunt ut laoreet dolore magna aliquam erat volutpat. Ut wisi enim ad minim veniam, quis nostrud exerci tation ullamcorper suscipit lobortis nisl ut aliquip ex ea commodo consequat. Duis autem vel eum iriure dolor in hendrerit in vulputate velit esse molestie consequat, vel illum dolore eu feugiat nulla facilisis at vero eros et accumsan et iusto odio dignissim qui blandit praesent luptatum zzril delenit augue duis dolore te feugait nulla facilisi. Nam liber tempor cum soluta nobis eleifend option congue nihil imperdiet doming id quod mazim placerat facer possim assum. Typi non habent claritatem insitam; est usus legentis in iis qui facit eorum claritatem. Investigationes demonstraverunt lectores legere me lius quod ii legunt saepius. Claritas est etiam processus dynamicus, qui sequitur mutationem consuetudium lectorum. Mirum est notare quam littera gothica, quam nunc putamus parum claram, anteposuerit litterarum formas";s:15:"condicionherida";s:18:"Limpia contaminada";s:13:"procedimiento";s:1024:"Lorem ipsum dolor sit amet, consectetuer adipiscing elit, sed diam nonummy nibh euismod tincidunt ut laoreet dolore magna aliquam erat volutpat. Ut wisi enim ad minim veniam, quis nostrud exerci tation ullamcorper suscipit lobortis nisl ut aliquip ex ea commodo consequat. Duis autem vel eum iriure dolor in hendrerit in vulputate velit esse molestie consequat, vel illum dolore eu feugiat nulla facilisis at vero eros et accumsan et iusto odio dignissim qui blandit praesent luptatum zzril delenit augue duis dolore te feugait nulla facilisi. Nam liber tempor cum soluta nobis eleifend option congue nihil imperdiet doming id quod mazim placerat facer possim assum. Typi non habent claritatem insitam; est usus legentis in iis qui facit eorum claritatem. Investigationes demonstraverunt lectores legere me lius quod ii legunt saepius. Claritas est etiam processus dynamicus, qui sequitur mutationem consuetudium lectorum. Mirum est notare quam littera gothica, quam nunc putamus parum claram, anteposuerit litterarum formas";s:6:"creado";s:16:"2016-3-27 3:0:31";}', NULL, '1', 'Generar reporte con: HC-CTCV', 11, '2016-03-27 10:00:31'),
(7, '223319cc328ca944b373009063c64332', 39, 'a:27:{s:2:"hc";s:15:"Hist. Clin. Nº";s:8:"servicio";s:8:"Servicio";s:4:"piso";s:4:"Piso";s:4:"cama";s:8:"Cama Nº";s:6:"nombre";s:6:"Nombre";s:9:"cirujano1";s:25:"(39) Henry Peralta Santos";s:13:"anestesiologo";s:19:"(37) Américo Peña";s:10:"asistente1";s:20:"Ayudante (Asistente)";s:10:"residente1";s:21:"Ayudante (Residentes)";s:8:"interno1";s:7:"Interno";s:14:"instrumentista";s:14:"Instrumentista";s:13:"perfusionista";s:13:"Perfusionista";s:8:"auxiliar";s:16:"Auxiliar de Sala";s:9:"anestesia";s:17:"Tipo de anestesia";s:10:"medicacion";s:23:"Medicación anestésica";s:6:"tiempo";s:8:"03:20:00";s:5:"fecha";s:10:"2016-03-27";s:4:"hora";s:7:"9:10 am";s:11:"tipocirugia";s:7:"Abierta";s:16:"posicionpaciente";s:22:"Posición del paciente";s:13:"preoperatorio";s:27:"DIAGNÓSTICO PRE-OPERATORIO";s:14:"postoperatorio";s:28:"DIAGNÓSTICO POST-OPERATORIO";s:9:"operacion";s:20:"OPERACIÓN REALIZADA";s:9:"hallazgos";s:9:"HALLAZGOS";s:15:"condicionherida";s:6:"Limpia";s:13:"procedimiento";s:25:"PROCEDIMIENTO QUIRÚRGICO";s:6:"creado";s:17:"2016-3-27 8:46:36";}', NULL, '1', 'Generar reporte con: HC-CTCV', 11, '2016-03-27 15:46:36'),
(8, 'c5d89a4dc0ba778174cbdc74d011408b', 39, 'a:27:{s:2:"hc";s:15:"Hist. Clin. Nº";s:8:"servicio";s:8:"Servicio";s:4:"piso";s:4:"Piso";s:4:"cama";s:8:"Cama Nº";s:6:"nombre";s:6:"Nombre";s:9:"cirujano1";s:25:"(39) Henry Peralta Santos";s:13:"anestesiologo";s:19:"(37) Américo Peña";s:10:"asistente1";s:20:"Ayudante (Asistente)";s:10:"residente1";s:21:"Ayudante (Residentes)";s:8:"interno1";s:7:"Interno";s:14:"instrumentista";s:14:"Instrumentista";s:13:"perfusionista";s:13:"Perfusionista";s:8:"auxiliar";s:16:"Auxiliar de Sala";s:9:"anestesia";s:17:"Tipo de anestesia";s:10:"medicacion";s:23:"Medicación anestésica";s:6:"tiempo";s:8:"03:20:00";s:5:"fecha";s:10:"2016-03-27";s:4:"hora";s:7:"9:10 am";s:11:"tipocirugia";s:7:"Abierta";s:16:"posicionpaciente";s:22:"Posición del paciente";s:13:"preoperatorio";s:27:"DIAGNÓSTICO PRE-OPERATORIO";s:14:"postoperatorio";s:28:"DIAGNÓSTICO POST-OPERATORIO";s:9:"operacion";s:20:"OPERACIÓN REALIZADA";s:9:"hallazgos";s:9:"HALLAZGOS";s:15:"condicionherida";s:6:"Limpia";s:13:"procedimiento";s:25:"PROCEDIMIENTO QUIRÚRGICO";s:6:"creado";s:17:"2016-3-27 8:47:16";}', NULL, '1', 'Generar reporte con: Libro-CTCV', 11, '2016-03-27 15:47:16'),
(9, 'd1548cd2a8bbbc6b39ef0b818664da64', 39, 'a:27:{s:2:"hc";s:15:"Hist. Clin. Nº";s:8:"servicio";s:8:"Servicio";s:4:"piso";s:4:"Piso";s:4:"cama";s:8:"Cama Nº";s:6:"nombre";s:6:"Nombre";s:9:"cirujano1";s:25:"(39) Henry Peralta Santos";s:13:"anestesiologo";s:19:"(37) Américo Peña";s:10:"asistente1";s:20:"Ayudante (Asistente)";s:10:"residente1";s:21:"Ayudante (Residentes)";s:8:"interno1";s:7:"Interno";s:14:"instrumentista";s:14:"Instrumentista";s:13:"perfusionista";s:13:"Perfusionista";s:8:"auxiliar";s:16:"Auxiliar de Sala";s:9:"anestesia";s:17:"Tipo de anestesia";s:10:"medicacion";s:23:"Medicación anestésica";s:6:"tiempo";s:8:"03:20:00";s:5:"fecha";s:10:"2016-03-27";s:4:"hora";s:7:"9:10 am";s:11:"tipocirugia";s:7:"Abierta";s:16:"posicionpaciente";s:22:"Posición del paciente";s:13:"preoperatorio";s:27:"DIAGNÓSTICO PRE-OPERATORIO";s:14:"postoperatorio";s:28:"DIAGNÓSTICO POST-OPERATORIO";s:9:"operacion";s:20:"OPERACIÓN REALIZADA";s:9:"hallazgos";s:9:"HALLAZGOS";s:15:"condicionherida";s:6:"Limpia";s:13:"procedimiento";s:25:"PROCEDIMIENTO QUIRÚRGICO";s:6:"creado";s:17:"2016-3-27 8:47:16";}', NULL, '1', 'Generar reporte con: Libro-CTCV', 11, '2016-03-27 15:47:16'),
(10, '0ded552e748dcfc62491356d9743d3c2', 39, 'a:27:{s:2:"hc";s:15:"Hist. Clin. Nº";s:8:"servicio";s:8:"Servicio";s:4:"piso";s:4:"Piso";s:4:"cama";s:8:"Cama Nº";s:6:"nombre";s:6:"Nombre";s:9:"cirujano1";s:25:"(39) Henry Peralta Santos";s:13:"anestesiologo";s:19:"(37) Américo Peña";s:10:"asistente1";s:20:"Ayudante (Asistente)";s:10:"residente1";s:21:"Ayudante (Residentes)";s:8:"interno1";s:7:"Interno";s:14:"instrumentista";s:14:"Instrumentista";s:13:"perfusionista";s:13:"Perfusionista";s:8:"auxiliar";s:16:"Auxiliar de Sala";s:9:"anestesia";s:17:"Tipo de anestesia";s:10:"medicacion";s:23:"Medicación anestésica";s:6:"tiempo";s:8:"03:20:00";s:5:"fecha";s:10:"2016-03-27";s:4:"hora";s:7:"9:10 am";s:11:"tipocirugia";s:7:"Abierta";s:16:"posicionpaciente";s:22:"Posición del paciente";s:13:"preoperatorio";s:27:"DIAGNÓSTICO PRE-OPERATORIO";s:14:"postoperatorio";s:28:"DIAGNÓSTICO POST-OPERATORIO";s:9:"operacion";s:20:"OPERACIÓN REALIZADA";s:9:"hallazgos";s:9:"HALLAZGOS";s:15:"condicionherida";s:6:"Limpia";s:13:"procedimiento";s:25:"PROCEDIMIENTO QUIRÚRGICO";s:6:"creado";s:17:"2016-3-27 8:47:16";}', NULL, '1', 'Generar reporte con: Libro-CTCV', 11, '2016-03-27 15:47:16'),
(11, '4e3eae9fa9c6e30bd016efd375873797', 39, 'a:27:{s:2:"hc";s:15:"Hist. Clin. Nº";s:8:"servicio";s:8:"Servicio";s:4:"piso";s:4:"Piso";s:4:"cama";s:8:"Cama Nº";s:6:"nombre";s:6:"Nombre";s:9:"cirujano1";s:25:"(39) Henry Peralta Santos";s:13:"anestesiologo";s:19:"(37) Américo Peña";s:10:"asistente1";s:20:"Ayudante (Asistente)";s:10:"residente1";s:21:"Ayudante (Residentes)";s:8:"interno1";s:7:"Interno";s:14:"instrumentista";s:14:"Instrumentista";s:13:"perfusionista";s:13:"Perfusionista";s:8:"auxiliar";s:16:"Auxiliar de Sala";s:9:"anestesia";s:17:"Tipo de anestesia";s:10:"medicacion";s:23:"Medicación anestésica";s:6:"tiempo";s:8:"03:20:00";s:5:"fecha";s:10:"2016-03-27";s:4:"hora";s:7:"9:10 am";s:11:"tipocirugia";s:7:"Abierta";s:16:"posicionpaciente";s:22:"Posición del paciente";s:13:"preoperatorio";s:27:"DIAGNÓSTICO PRE-OPERATORIO";s:14:"postoperatorio";s:28:"DIAGNÓSTICO POST-OPERATORIO";s:9:"operacion";s:20:"OPERACIÓN REALIZADA";s:9:"hallazgos";s:9:"HALLAZGOS";s:15:"condicionherida";s:6:"Limpia";s:13:"procedimiento";s:25:"PROCEDIMIENTO QUIRÚRGICO";s:6:"creado";s:17:"2016-3-27 8:47:16";}', NULL, '1', 'Generar reporte con: Libro-CTCV', 11, '2016-03-27 15:47:16'),
(12, '01f2f968e1f015cca89a1a74fadece8e', 39, 'a:27:{s:2:"hc";s:15:"Hist. Clin. Nº";s:8:"servicio";s:8:"Servicio";s:4:"piso";s:4:"Piso";s:4:"cama";s:8:"Cama Nº";s:6:"nombre";s:6:"Nombre";s:9:"cirujano1";s:25:"(39) Henry Peralta Santos";s:13:"anestesiologo";s:19:"(37) Américo Peña";s:10:"asistente1";s:20:"Ayudante (Asistente)";s:10:"residente1";s:21:"Ayudante (Residentes)";s:8:"interno1";s:7:"Interno";s:14:"instrumentista";s:14:"Instrumentista";s:13:"perfusionista";s:13:"Perfusionista";s:8:"auxiliar";s:16:"Auxiliar de Sala";s:9:"anestesia";s:17:"Tipo de anestesia";s:10:"medicacion";s:23:"Medicación anestésica";s:6:"tiempo";s:8:"03:20:00";s:5:"fecha";s:10:"2016-03-27";s:4:"hora";s:7:"9:10 am";s:11:"tipocirugia";s:7:"Abierta";s:16:"posicionpaciente";s:22:"Posición del paciente";s:13:"preoperatorio";s:27:"DIAGNÓSTICO PRE-OPERATORIO";s:14:"postoperatorio";s:28:"DIAGNÓSTICO POST-OPERATORIO";s:9:"operacion";s:20:"OPERACIÓN REALIZADA";s:9:"hallazgos";s:9:"HALLAZGOS";s:15:"condicionherida";s:6:"Limpia";s:13:"procedimiento";s:25:"PROCEDIMIENTO QUIRÚRGICO";s:6:"creado";s:17:"2016-3-27 8:47:16";}', NULL, '1', 'Generar reporte con: Libro-CTCV', 11, '2016-03-27 15:47:16'),
(13, '046eed61380b7ab74cbdf9a11fe573c2', 39, 'a:27:{s:2:"hc";s:15:"Hist. Clin. Nº";s:8:"servicio";s:8:"Servicio";s:4:"piso";s:4:"Piso";s:4:"cama";s:8:"Cama Nº";s:6:"nombre";s:6:"Nombre";s:9:"cirujano1";s:25:"(39) Henry Peralta Santos";s:13:"anestesiologo";s:19:"(37) Américo Peña";s:10:"asistente1";s:20:"Ayudante (Asistente)";s:10:"residente1";s:21:"Ayudante (Residentes)";s:8:"interno1";s:7:"Interno";s:14:"instrumentista";s:14:"Instrumentista";s:13:"perfusionista";s:13:"Perfusionista";s:8:"auxiliar";s:16:"Auxiliar de Sala";s:9:"anestesia";s:17:"Tipo de anestesia";s:10:"medicacion";s:23:"Medicación anestésica";s:6:"tiempo";s:8:"03:20:00";s:5:"fecha";s:10:"2016-03-27";s:4:"hora";s:7:"9:10 am";s:11:"tipocirugia";s:7:"Abierta";s:16:"posicionpaciente";s:22:"Posición del paciente";s:13:"preoperatorio";s:27:"DIAGNÓSTICO PRE-OPERATORIO";s:14:"postoperatorio";s:28:"DIAGNÓSTICO POST-OPERATORIO";s:9:"operacion";s:20:"OPERACIÓN REALIZADA";s:9:"hallazgos";s:9:"HALLAZGOS";s:15:"condicionherida";s:6:"Limpia";s:13:"procedimiento";s:25:"PROCEDIMIENTO QUIRÚRGICO";s:6:"creado";s:17:"2016-3-27 8:47:16";}', NULL, '1', 'Generar reporte con: Libro-CTCV', 11, '2016-03-27 15:47:16'),
(14, '528974900aa9f458918da2810b32ea54', 39, 'a:27:{s:2:"hc";s:15:"Hist. Clin. Nº";s:8:"servicio";s:8:"Servicio";s:4:"piso";s:4:"Piso";s:4:"cama";s:8:"Cama Nº";s:6:"nombre";s:6:"Nombre";s:9:"cirujano1";s:25:"(39) Henry Peralta Santos";s:13:"anestesiologo";s:19:"(37) Américo Peña";s:10:"asistente1";s:20:"Ayudante (Asistente)";s:10:"residente1";s:21:"Ayudante (Residentes)";s:8:"interno1";s:7:"Interno";s:14:"instrumentista";s:14:"Instrumentista";s:13:"perfusionista";s:13:"Perfusionista";s:8:"auxiliar";s:16:"Auxiliar de Sala";s:9:"anestesia";s:17:"Tipo de anestesia";s:10:"medicacion";s:23:"Medicación anestésica";s:6:"tiempo";s:8:"03:20:00";s:5:"fecha";s:10:"2016-03-27";s:4:"hora";s:7:"9:10 am";s:11:"tipocirugia";s:7:"Abierta";s:16:"posicionpaciente";s:22:"Posición del paciente";s:13:"preoperatorio";s:27:"DIAGNÓSTICO PRE-OPERATORIO";s:14:"postoperatorio";s:28:"DIAGNÓSTICO POST-OPERATORIO";s:9:"operacion";s:20:"OPERACIÓN REALIZADA";s:9:"hallazgos";s:9:"HALLAZGOS";s:15:"condicionherida";s:6:"Limpia";s:13:"procedimiento";s:25:"PROCEDIMIENTO QUIRÚRGICO";s:6:"creado";s:17:"2016-3-27 8:47:16";}', NULL, '1', 'Generar reporte con: Libro-CTCV', 11, '2016-03-27 15:47:16'),
(15, 'a50938c4d1e90c13a2bd6e1ecfd0cd9e', 39, 'a:27:{s:2:"hc";s:15:"Hist. Clin. Nº";s:8:"servicio";s:8:"Servicio";s:4:"piso";s:4:"Piso";s:4:"cama";s:8:"Cama Nº";s:6:"nombre";s:6:"Nombre";s:9:"cirujano1";s:25:"(39) Henry Peralta Santos";s:13:"anestesiologo";s:19:"(37) Américo Peña";s:10:"asistente1";s:20:"Ayudante (Asistente)";s:10:"residente1";s:21:"Ayudante (Residentes)";s:8:"interno1";s:7:"Interno";s:14:"instrumentista";s:14:"Instrumentista";s:13:"perfusionista";s:13:"Perfusionista";s:8:"auxiliar";s:16:"Auxiliar de Sala";s:9:"anestesia";s:17:"Tipo de anestesia";s:10:"medicacion";s:23:"Medicación anestésica";s:6:"tiempo";s:8:"03:20:00";s:5:"fecha";s:10:"2016-03-27";s:4:"hora";s:7:"9:10 am";s:11:"tipocirugia";s:7:"Abierta";s:16:"posicionpaciente";s:22:"Posición del paciente";s:13:"preoperatorio";s:27:"DIAGNÓSTICO PRE-OPERATORIO";s:14:"postoperatorio";s:28:"DIAGNÓSTICO POST-OPERATORIO";s:9:"operacion";s:20:"OPERACIÓN REALIZADA";s:9:"hallazgos";s:9:"HALLAZGOS";s:15:"condicionherida";s:6:"Limpia";s:13:"procedimiento";s:25:"PROCEDIMIENTO QUIRÚRGICO";s:6:"creado";s:17:"2016-3-27 8:47:16";}', NULL, '1', 'Generar reporte con: Libro-CTCV', 11, '2016-03-27 15:47:16'),
(16, '9d26d96ba38b35656b5177c6dab62bc3', 39, 'a:27:{s:2:"hc";s:15:"Hist. Clin. Nº";s:8:"servicio";s:8:"Servicio";s:4:"piso";s:4:"Piso";s:4:"cama";s:8:"Cama Nº";s:6:"nombre";s:6:"Nombre";s:9:"cirujano1";s:25:"(39) Henry Peralta Santos";s:13:"anestesiologo";s:19:"(37) Américo Peña";s:10:"asistente1";s:20:"Ayudante (Asistente)";s:10:"residente1";s:21:"Ayudante (Residentes)";s:8:"interno1";s:7:"Interno";s:14:"instrumentista";s:14:"Instrumentista";s:13:"perfusionista";s:13:"Perfusionista";s:8:"auxiliar";s:16:"Auxiliar de Sala";s:9:"anestesia";s:17:"Tipo de anestesia";s:10:"medicacion";s:23:"Medicación anestésica";s:6:"tiempo";s:8:"03:20:00";s:5:"fecha";s:10:"2016-03-27";s:4:"hora";s:7:"9:10 am";s:11:"tipocirugia";s:7:"Abierta";s:16:"posicionpaciente";s:22:"Posición del paciente";s:13:"preoperatorio";s:27:"DIAGNÓSTICO PRE-OPERATORIO";s:14:"postoperatorio";s:28:"DIAGNÓSTICO POST-OPERATORIO";s:9:"operacion";s:20:"OPERACIÓN REALIZADA";s:9:"hallazgos";s:9:"HALLAZGOS";s:15:"condicionherida";s:6:"Limpia";s:13:"procedimiento";s:25:"PROCEDIMIENTO QUIRÚRGICO";s:6:"creado";s:17:"2016-3-27 8:47:16";}', NULL, '1', 'Generar reporte con: Libro-CTCV', 11, '2016-03-27 15:47:16'),
(17, 'c92b1830b4632b2db3d6ab03b002b98a', 39, 'a:27:{s:2:"hc";s:15:"Hist. Clin. Nº";s:8:"servicio";s:8:"Servicio";s:4:"piso";s:4:"Piso";s:4:"cama";s:8:"Cama Nº";s:6:"nombre";s:6:"Nombre";s:9:"cirujano1";s:25:"(39) Henry Peralta Santos";s:13:"anestesiologo";s:19:"(37) Américo Peña";s:10:"asistente1";s:20:"Ayudante (Asistente)";s:10:"residente1";s:21:"Ayudante (Residentes)";s:8:"interno1";s:7:"Interno";s:14:"instrumentista";s:14:"Instrumentista";s:13:"perfusionista";s:13:"Perfusionista";s:8:"auxiliar";s:16:"Auxiliar de Sala";s:9:"anestesia";s:17:"Tipo de anestesia";s:10:"medicacion";s:23:"Medicación anestésica";s:6:"tiempo";s:8:"03:20:00";s:5:"fecha";s:10:"2016-03-27";s:4:"hora";s:7:"9:10 am";s:11:"tipocirugia";s:7:"Abierta";s:16:"posicionpaciente";s:22:"Posición del paciente";s:13:"preoperatorio";s:27:"DIAGNÓSTICO PRE-OPERATORIO";s:14:"postoperatorio";s:28:"DIAGNÓSTICO POST-OPERATORIO";s:9:"operacion";s:20:"OPERACIÓN REALIZADA";s:9:"hallazgos";s:9:"HALLAZGOS";s:15:"condicionherida";s:6:"Limpia";s:13:"procedimiento";s:25:"PROCEDIMIENTO QUIRÚRGICO";s:6:"creado";s:17:"2016-3-27 8:47:16";}', NULL, '1', 'Generar reporte con: Libro-CTCV', 11, '2016-03-27 15:47:16'),
(18, 'e09c7a64094e7418481bb12d4448eac7', 39, 'a:27:{s:2:"hc";s:15:"Hist. Clin. Nº";s:8:"servicio";s:8:"Servicio";s:4:"piso";s:4:"Piso";s:4:"cama";s:8:"Cama Nº";s:6:"nombre";s:6:"Nombre";s:9:"cirujano1";s:25:"(39) Henry Peralta Santos";s:13:"anestesiologo";s:19:"(37) Américo Peña";s:10:"asistente1";s:20:"Ayudante (Asistente)";s:10:"residente1";s:21:"Ayudante (Residentes)";s:8:"interno1";s:7:"Interno";s:14:"instrumentista";s:14:"Instrumentista";s:13:"perfusionista";s:13:"Perfusionista";s:8:"auxiliar";s:16:"Auxiliar de Sala";s:9:"anestesia";s:17:"Tipo de anestesia";s:10:"medicacion";s:23:"Medicación anestésica";s:6:"tiempo";s:8:"03:20:00";s:5:"fecha";s:10:"2016-03-27";s:4:"hora";s:7:"9:10 am";s:11:"tipocirugia";s:7:"Abierta";s:16:"posicionpaciente";s:22:"Posición del paciente";s:13:"preoperatorio";s:27:"DIAGNÓSTICO PRE-OPERATORIO";s:14:"postoperatorio";s:28:"DIAGNÓSTICO POST-OPERATORIO";s:9:"operacion";s:20:"OPERACIÓN REALIZADA";s:9:"hallazgos";s:9:"HALLAZGOS";s:15:"condicionherida";s:6:"Limpia";s:13:"procedimiento";s:25:"PROCEDIMIENTO QUIRÚRGICO";s:6:"creado";s:17:"2016-3-27 8:47:16";}', NULL, '1', 'Generar reporte con: Libro-CTCV', 11, '2016-03-27 15:47:16'),
(19, '459a532468017074852ab1448f354851', 39, 'a:27:{s:2:"hc";s:15:"Hist. Clin. Nº";s:8:"servicio";s:8:"Servicio";s:4:"piso";s:4:"Piso";s:4:"cama";s:8:"Cama Nº";s:6:"nombre";s:6:"Nombre";s:9:"cirujano1";s:25:"(39) Henry Peralta Santos";s:13:"anestesiologo";s:19:"(37) Américo Peña";s:10:"asistente1";s:20:"Ayudante (Asistente)";s:10:"residente1";s:21:"Ayudante (Residentes)";s:8:"interno1";s:7:"Interno";s:14:"instrumentista";s:14:"Instrumentista";s:13:"perfusionista";s:13:"Perfusionista";s:8:"auxiliar";s:16:"Auxiliar de Sala";s:9:"anestesia";s:17:"Tipo de anestesia";s:10:"medicacion";s:23:"Medicación anestésica";s:6:"tiempo";s:8:"03:20:00";s:5:"fecha";s:10:"2016-03-27";s:4:"hora";s:7:"9:10 am";s:11:"tipocirugia";s:7:"Abierta";s:16:"posicionpaciente";s:22:"Posición del paciente";s:13:"preoperatorio";s:27:"DIAGNÓSTICO PRE-OPERATORIO";s:14:"postoperatorio";s:28:"DIAGNÓSTICO POST-OPERATORIO";s:9:"operacion";s:20:"OPERACIÓN REALIZADA";s:9:"hallazgos";s:9:"HALLAZGOS";s:15:"condicionherida";s:6:"Limpia";s:13:"procedimiento";s:25:"PROCEDIMIENTO QUIRÚRGICO";s:6:"creado";s:17:"2016-3-27 8:47:16";}', NULL, '1', 'Generar reporte con: Libro-CTCV', 11, '2016-03-27 15:47:16'),
(20, '1dfcf631d195cce3bebb64707de655dc', 39, 'a:27:{s:2:"hc";s:15:"Hist. Clin. Nº";s:8:"servicio";s:8:"Servicio";s:4:"piso";s:4:"Piso";s:4:"cama";s:8:"Cama Nº";s:6:"nombre";s:6:"Nombre";s:9:"cirujano1";s:25:"(39) Henry Peralta Santos";s:13:"anestesiologo";s:19:"(37) Américo Peña";s:10:"asistente1";s:20:"Ayudante (Asistente)";s:10:"residente1";s:21:"Ayudante (Residentes)";s:8:"interno1";s:7:"Interno";s:14:"instrumentista";s:14:"Instrumentista";s:13:"perfusionista";s:13:"Perfusionista";s:8:"auxiliar";s:16:"Auxiliar de Sala";s:9:"anestesia";s:17:"Tipo de anestesia";s:10:"medicacion";s:23:"Medicación anestésica";s:6:"tiempo";s:8:"03:20:00";s:5:"fecha";s:10:"2016-03-27";s:4:"hora";s:7:"9:10 am";s:11:"tipocirugia";s:7:"Abierta";s:16:"posicionpaciente";s:22:"Posición del paciente";s:13:"preoperatorio";s:27:"DIAGNÓSTICO PRE-OPERATORIO";s:14:"postoperatorio";s:28:"DIAGNÓSTICO POST-OPERATORIO";s:9:"operacion";s:20:"OPERACIÓN REALIZADA";s:9:"hallazgos";s:9:"HALLAZGOS";s:15:"condicionherida";s:6:"Limpia";s:13:"procedimiento";s:25:"PROCEDIMIENTO QUIRÚRGICO";s:6:"creado";s:17:"2016-3-27 8:47:16";}', NULL, '1', 'Generar reporte con: Libro-CTCV', 11, '2016-03-27 15:47:16'),
(21, '99d74316e9ad5e2c860b238269f50740', 39, 'a:27:{s:2:"hc";s:15:"Hist. Clin. Nº";s:8:"servicio";s:8:"Servicio";s:4:"piso";s:4:"Piso";s:4:"cama";s:8:"Cama Nº";s:6:"nombre";s:6:"Nombre";s:9:"cirujano1";s:25:"(39) Henry Peralta Santos";s:13:"anestesiologo";s:19:"(37) Américo Peña";s:10:"asistente1";s:20:"Ayudante (Asistente)";s:10:"residente1";s:21:"Ayudante (Residentes)";s:8:"interno1";s:7:"Interno";s:14:"instrumentista";s:14:"Instrumentista";s:13:"perfusionista";s:13:"Perfusionista";s:8:"auxiliar";s:16:"Auxiliar de Sala";s:9:"anestesia";s:17:"Tipo de anestesia";s:10:"medicacion";s:23:"Medicación anestésica";s:6:"tiempo";s:8:"03:20:00";s:5:"fecha";s:10:"2016-03-27";s:4:"hora";s:7:"9:10 am";s:11:"tipocirugia";s:7:"Abierta";s:16:"posicionpaciente";s:22:"Posición del paciente";s:13:"preoperatorio";s:27:"DIAGNÓSTICO PRE-OPERATORIO";s:14:"postoperatorio";s:28:"DIAGNÓSTICO POST-OPERATORIO";s:9:"operacion";s:20:"OPERACIÓN REALIZADA";s:9:"hallazgos";s:9:"HALLAZGOS";s:15:"condicionherida";s:6:"Limpia";s:13:"procedimiento";s:25:"PROCEDIMIENTO QUIRÚRGICO";s:6:"creado";s:17:"2016-3-27 8:47:16";}', NULL, '1', 'Generar reporte con: Libro-CTCV', 11, '2016-03-27 15:47:16'),
(22, 'b43d866be1b2816e47df33c416d7d3ff', 39, 'a:27:{s:2:"hc";s:15:"Hist. Clin. Nº";s:8:"servicio";s:8:"Servicio";s:4:"piso";s:4:"Piso";s:4:"cama";s:8:"Cama Nº";s:6:"nombre";s:6:"Nombre";s:9:"cirujano1";s:25:"(39) Henry Peralta Santos";s:13:"anestesiologo";s:19:"(37) Américo Peña";s:10:"asistente1";s:20:"Ayudante (Asistente)";s:10:"residente1";s:21:"Ayudante (Residentes)";s:8:"interno1";s:7:"Interno";s:14:"instrumentista";s:14:"Instrumentista";s:13:"perfusionista";s:13:"Perfusionista";s:8:"auxiliar";s:16:"Auxiliar de Sala";s:9:"anestesia";s:17:"Tipo de anestesia";s:10:"medicacion";s:23:"Medicación anestésica";s:6:"tiempo";s:8:"03:20:00";s:5:"fecha";s:10:"2016-03-27";s:4:"hora";s:7:"9:10 am";s:11:"tipocirugia";s:7:"Abierta";s:16:"posicionpaciente";s:22:"Posición del paciente";s:13:"preoperatorio";s:27:"DIAGNÓSTICO PRE-OPERATORIO";s:14:"postoperatorio";s:28:"DIAGNÓSTICO POST-OPERATORIO";s:9:"operacion";s:20:"OPERACIÓN REALIZADA";s:9:"hallazgos";s:9:"HALLAZGOS";s:15:"condicionherida";s:6:"Limpia";s:13:"procedimiento";s:25:"PROCEDIMIENTO QUIRÚRGICO";s:6:"creado";s:17:"2016-3-27 8:47:16";}', NULL, '1', 'Generar reporte con: Libro-CTCV', 11, '2016-03-27 15:47:16'),
(23, '13cc4ae5879a3433937d109c4b9382be', 39, 'a:27:{s:2:"hc";s:15:"Hist. Clin. Nº";s:8:"servicio";s:8:"Servicio";s:4:"piso";s:4:"Piso";s:4:"cama";s:8:"Cama Nº";s:6:"nombre";s:6:"Nombre";s:9:"cirujano1";s:25:"(39) Henry Peralta Santos";s:13:"anestesiologo";s:19:"(37) Américo Peña";s:10:"asistente1";s:20:"Ayudante (Asistente)";s:10:"residente1";s:21:"Ayudante (Residentes)";s:8:"interno1";s:7:"Interno";s:14:"instrumentista";s:14:"Instrumentista";s:13:"perfusionista";s:13:"Perfusionista";s:8:"auxiliar";s:16:"Auxiliar de Sala";s:9:"anestesia";s:17:"Tipo de anestesia";s:10:"medicacion";s:23:"Medicación anestésica";s:6:"tiempo";s:8:"03:20:00";s:5:"fecha";s:10:"2016-03-27";s:4:"hora";s:7:"9:10 am";s:11:"tipocirugia";s:7:"Abierta";s:16:"posicionpaciente";s:22:"Posición del paciente";s:13:"preoperatorio";s:27:"DIAGNÓSTICO PRE-OPERATORIO";s:14:"postoperatorio";s:28:"DIAGNÓSTICO POST-OPERATORIO";s:9:"operacion";s:20:"OPERACIÓN REALIZADA";s:9:"hallazgos";s:9:"HALLAZGOS";s:15:"condicionherida";s:6:"Limpia";s:13:"procedimiento";s:25:"PROCEDIMIENTO QUIRÚRGICO";s:6:"creado";s:17:"2016-3-27 8:47:16";}', NULL, '1', 'Generar reporte con: Libro-CTCV', 11, '2016-03-27 15:47:16'),
(24, 'bfcc115dee08a9e42753e6ab1c678a49', 39, 'a:27:{s:2:"hc";s:15:"Hist. Clin. Nº";s:8:"servicio";s:8:"Servicio";s:4:"piso";s:4:"Piso";s:4:"cama";s:8:"Cama Nº";s:6:"nombre";s:6:"Nombre";s:9:"cirujano1";s:25:"(39) Henry Peralta Santos";s:13:"anestesiologo";s:19:"(37) Américo Peña";s:10:"asistente1";s:20:"Ayudante (Asistente)";s:10:"residente1";s:21:"Ayudante (Residentes)";s:8:"interno1";s:7:"Interno";s:14:"instrumentista";s:14:"Instrumentista";s:13:"perfusionista";s:13:"Perfusionista";s:8:"auxiliar";s:16:"Auxiliar de Sala";s:9:"anestesia";s:17:"Tipo de anestesia";s:10:"medicacion";s:23:"Medicación anestésica";s:6:"tiempo";s:8:"03:20:00";s:5:"fecha";s:10:"2016-03-27";s:4:"hora";s:7:"9:10 am";s:11:"tipocirugia";s:7:"Abierta";s:16:"posicionpaciente";s:22:"Posición del paciente";s:13:"preoperatorio";s:27:"DIAGNÓSTICO PRE-OPERATORIO";s:14:"postoperatorio";s:28:"DIAGNÓSTICO POST-OPERATORIO";s:9:"operacion";s:20:"OPERACIÓN REALIZADA";s:9:"hallazgos";s:9:"HALLAZGOS";s:15:"condicionherida";s:6:"Limpia";s:13:"procedimiento";s:25:"PROCEDIMIENTO QUIRÚRGICO";s:6:"creado";s:17:"2016-3-27 8:47:16";}', NULL, '1', 'Generar reporte con: Libro-CTCV', 11, '2016-03-27 15:47:16'),
(25, 'e996f477bc81df5d9a3a0f88a024e193', 39, 'a:27:{s:2:"hc";s:15:"Hist. Clin. Nº";s:8:"servicio";s:8:"Servicio";s:4:"piso";s:4:"Piso";s:4:"cama";s:8:"Cama Nº";s:6:"nombre";s:6:"Nombre";s:9:"cirujano1";s:25:"(39) Henry Peralta Santos";s:13:"anestesiologo";s:19:"(37) Américo Peña";s:10:"asistente1";s:20:"Ayudante (Asistente)";s:10:"residente1";s:21:"Ayudante (Residentes)";s:8:"interno1";s:7:"Interno";s:14:"instrumentista";s:14:"Instrumentista";s:13:"perfusionista";s:13:"Perfusionista";s:8:"auxiliar";s:16:"Auxiliar de Sala";s:9:"anestesia";s:17:"Tipo de anestesia";s:10:"medicacion";s:23:"Medicación anestésica";s:6:"tiempo";s:8:"03:20:00";s:5:"fecha";s:10:"2016-03-27";s:4:"hora";s:7:"9:10 am";s:11:"tipocirugia";s:7:"Abierta";s:16:"posicionpaciente";s:22:"Posición del paciente";s:13:"preoperatorio";s:27:"DIAGNÓSTICO PRE-OPERATORIO";s:14:"postoperatorio";s:28:"DIAGNÓSTICO POST-OPERATORIO";s:9:"operacion";s:20:"OPERACIÓN REALIZADA";s:9:"hallazgos";s:9:"HALLAZGOS";s:15:"condicionherida";s:6:"Limpia";s:13:"procedimiento";s:25:"PROCEDIMIENTO QUIRÚRGICO";s:6:"creado";s:17:"2016-3-27 8:47:16";}', NULL, '1', 'Generar reporte con: Libro-CTCV', 11, '2016-03-27 15:47:16'),
(26, 'dcd41e5b8f78804db9d3cfdfb6c02b02', 39, 'a:27:{s:2:"hc";s:15:"Hist. Clin. Nº";s:8:"servicio";s:8:"Servicio";s:4:"piso";s:4:"Piso";s:4:"cama";s:8:"Cama Nº";s:6:"nombre";s:6:"Nombre";s:9:"cirujano1";s:25:"(39) Henry Peralta Santos";s:13:"anestesiologo";s:19:"(37) Américo Peña";s:10:"asistente1";s:20:"Ayudante (Asistente)";s:10:"residente1";s:21:"Ayudante (Residentes)";s:8:"interno1";s:7:"Interno";s:14:"instrumentista";s:14:"Instrumentista";s:13:"perfusionista";s:13:"Perfusionista";s:8:"auxiliar";s:16:"Auxiliar de Sala";s:9:"anestesia";s:17:"Tipo de anestesia";s:10:"medicacion";s:23:"Medicación anestésica";s:6:"tiempo";s:8:"03:20:00";s:5:"fecha";s:10:"2016-03-27";s:4:"hora";s:7:"9:10 am";s:11:"tipocirugia";s:7:"Abierta";s:16:"posicionpaciente";s:22:"Posición del paciente";s:13:"preoperatorio";s:27:"DIAGNÓSTICO PRE-OPERATORIO";s:14:"postoperatorio";s:28:"DIAGNÓSTICO POST-OPERATORIO";s:9:"operacion";s:20:"OPERACIÓN REALIZADA";s:9:"hallazgos";s:9:"HALLAZGOS";s:15:"condicionherida";s:6:"Limpia";s:13:"procedimiento";s:25:"PROCEDIMIENTO QUIRÚRGICO";s:6:"creado";s:17:"2016-3-27 8:47:16";}', NULL, '1', 'Generar reporte con: Libro-CTCV', 11, '2016-03-27 15:47:16'),
(27, '6b1138b57b972e560a3d1743e4d5b2e7', 37, 'a:27:{s:2:"hc";s:15:"Hist. Clin. Nº";s:8:"servicio";s:8:"Servicio";s:4:"piso";s:4:"Piso";s:4:"cama";s:8:"Cama Nº";s:6:"nombre";s:6:"Nombre";s:9:"cirujano1";s:19:"(37) Américo Peña";s:13:"anestesiologo";s:25:"(39) Henry Peralta Santos";s:10:"asistente1";s:20:"Ayudante (Asistente)";s:10:"residente1";s:21:"Ayudante (Residentes)";s:8:"interno1";s:7:"Interno";s:14:"instrumentista";s:14:"Instrumentista";s:13:"perfusionista";s:13:"Perfusionista";s:8:"auxiliar";s:16:"Auxiliar de Sala";s:9:"anestesia";s:17:"Tipo de anestesia";s:10:"medicacion";s:23:"Medicación anestésica";s:6:"tiempo";s:8:"03:20:00";s:5:"fecha";s:10:"2016-03-27";s:4:"hora";s:7:"9:10 am";s:11:"tipocirugia";s:12:"Endoscópica";s:16:"posicionpaciente";s:22:"Posición del paciente";s:13:"preoperatorio";s:406:"Lorem ipsum dolor sit amet, consectetur adipisicing elit. Enim fugit, ex error soluta magni odit, nam consequuntur quas corporis eos provident voluptate labore officiis fuga natus accusamus quia et quae.Lorem ipsum dolor sit amet, consectetur adipisicing elit. Enim fugit, ex error soluta magni odit, nam consequuntur quas corporis eos provident voluptate labore officiis fuga natus accusamus quia et quae.";s:14:"postoperatorio";s:812:"Lorem ipsum dolor sit amet, consectetur adipisicing elit. Enim fugit, ex error soluta magni odit, nam consequuntur quas corporis eos provident voluptate labore officiis fuga natus accusamus quia et quae.Lorem ipsum dolor sit amet, consectetur adipisicing elit. Enim fugit, ex error soluta magni odit, nam consequuntur quas corporis eos provident voluptate labore officiis fuga natus accusamus quia et quae.Lorem ipsum dolor sit amet, consectetur adipisicing elit. Enim fugit, ex error soluta magni odit, nam consequuntur quas corporis eos provident voluptate labore officiis fuga natus accusamus quia et quae.Lorem ipsum dolor sit amet, consectetur adipisicing elit. Enim fugit, ex error soluta magni odit, nam consequuntur quas corporis eos provident voluptate labore officiis fuga natus accusamus quia et quae.";s:9:"operacion";s:1024:"Lorem ipsum dolor sit amet, consectetur adipisicing elit. Enim fugit, ex error soluta magni odit, nam consequuntur quas corporis eos provident voluptate labore officiis fuga natus accusamus quia et quae.Lorem ipsum dolor sit amet, consectetur adipisicing elit. Enim fugit, ex error soluta magni odit, nam consequuntur quas corporis eos provident voluptate labore officiis fuga natus accusamus quia et quae.Lorem ipsum dolor sit amet, consectetur adipisicing elit. Enim fugit, ex error soluta magni odit, nam consequuntur quas corporis eos provident voluptate labore officiis fuga natus accusamus quia et quae.Lorem ipsum dolor sit amet, consectetur adipisicing elit. Enim fugit, ex error soluta magni odit, nam consequuntur quas corporis eos provident voluptate labore officiis fuga natus accusamus quia et quae.Lorem ipsum dolor sit amet, consectetur adipisicing elit. Enim fugit, ex error soluta magni odit, nam consequuntur quas corporis eos provident voluptate labore officiis fuga natus accusamus quia et quae.Lorem ips";s:9:"hallazgos";s:1024:"Lorem ipsum dolor sit amet, consectetur adipisicing elit. Enim fugit, ex error soluta magni odit, nam consequuntur quas corporis eos provident voluptate labore officiis fuga natus accusamus quia et quae.Lorem ipsum dolor sit amet, consectetur adipisicing elit. Enim fugit, ex error soluta magni odit, nam consequuntur quas corporis eos provident voluptate labore officiis fuga natus accusamus quia et quae.Lorem ipsum dolor sit amet, consectetur adipisicing elit. Enim fugit, ex error soluta magni odit, nam consequuntur quas corporis eos provident voluptate labore officiis fuga natus accusamus quia et quae.Lorem ipsum dolor sit amet, consectetur adipisicing elit. Enim fugit, ex error soluta magni odit, nam consequuntur quas corporis eos provident voluptate labore officiis fuga natus accusamus quia et quae.Lorem ipsum dolor sit amet, consectetur adipisicing elit. Enim fugit, ex error soluta magni odit, nam consequuntur quas corporis eos provident voluptate labore officiis fuga natus accusamus quia et quae.Lorem ips";s:15:"condicionherida";s:18:"Limpia contaminada";s:13:"procedimiento";s:1024:"Lorem ipsum dolor sit amet, consectetur adipisicing elit. Enim fugit, ex error soluta magni odit, nam consequuntur quas corporis eos provident voluptate labore officiis fuga natus accusamus quia et quae.Lorem ipsum dolor sit amet, consectetur adipisicing elit. Enim fugit, ex error soluta magni odit, nam consequuntur quas corporis eos provident voluptate labore officiis fuga natus accusamus quia et quae.Lorem ipsum dolor sit amet, consectetur adipisicing elit. Enim fugit, ex error soluta magni odit, nam consequuntur quas corporis eos provident voluptate labore officiis fuga natus accusamus quia et quae.Lorem ipsum dolor sit amet, consectetur adipisicing elit. Enim fugit, ex error soluta magni odit, nam consequuntur quas corporis eos provident voluptate labore officiis fuga natus accusamus quia et quae.Lorem ipsum dolor sit amet, consectetur adipisicing elit. Enim fugit, ex error soluta magni odit, nam consequuntur quas corporis eos provident voluptate labore officiis fuga natus accusamus quia et quae.Lorem ips";s:6:"creado";s:18:"2016-3-27 15:39:42";}', NULL, '1', 'Generar reporte con: HC-CTCV', 11, '2016-03-27 22:39:42');
INSERT INTO `intervenciones` (`id`, `identificador`, `usuario_id`, `formulario`, `url_pdf`, `equipos_pertenece`, `plantilla_nombre`, `formulario_id`, `creado`) VALUES
(28, '2383448aa6158b4f57ab706ba6f76eb8', 37, 'a:27:{s:2:"hc";s:15:"Hist. Clin. Nº";s:8:"servicio";s:8:"Servicio";s:4:"piso";s:4:"Piso";s:4:"cama";s:8:"Cama Nº";s:6:"nombre";s:6:"Nombre";s:9:"cirujano1";s:19:"(37) Américo Peña";s:13:"anestesiologo";s:25:"(39) Henry Peralta Santos";s:10:"asistente1";s:20:"Ayudante (Asistente)";s:10:"residente1";s:21:"Ayudante (Residentes)";s:8:"interno1";s:7:"Interno";s:14:"instrumentista";s:14:"Instrumentista";s:13:"perfusionista";s:13:"Perfusionista";s:8:"auxiliar";s:16:"Auxiliar de Sala";s:9:"anestesia";s:17:"Tipo de anestesia";s:10:"medicacion";s:23:"Medicación anestésica";s:6:"tiempo";s:8:"03:20:00";s:5:"fecha";s:10:"2016-03-27";s:4:"hora";s:7:"9:10 am";s:11:"tipocirugia";s:12:"Endoscópica";s:16:"posicionpaciente";s:22:"Posición del paciente";s:13:"preoperatorio";s:406:"Lorem ipsum dolor sit amet, consectetur adipisicing elit. Enim fugit, ex error soluta magni odit, nam consequuntur quas corporis eos provident voluptate labore officiis fuga natus accusamus quia et quae.Lorem ipsum dolor sit amet, consectetur adipisicing elit. Enim fugit, ex error soluta magni odit, nam consequuntur quas corporis eos provident voluptate labore officiis fuga natus accusamus quia et quae.";s:14:"postoperatorio";s:812:"Lorem ipsum dolor sit amet, consectetur adipisicing elit. Enim fugit, ex error soluta magni odit, nam consequuntur quas corporis eos provident voluptate labore officiis fuga natus accusamus quia et quae.Lorem ipsum dolor sit amet, consectetur adipisicing elit. Enim fugit, ex error soluta magni odit, nam consequuntur quas corporis eos provident voluptate labore officiis fuga natus accusamus quia et quae.Lorem ipsum dolor sit amet, consectetur adipisicing elit. Enim fugit, ex error soluta magni odit, nam consequuntur quas corporis eos provident voluptate labore officiis fuga natus accusamus quia et quae.Lorem ipsum dolor sit amet, consectetur adipisicing elit. Enim fugit, ex error soluta magni odit, nam consequuntur quas corporis eos provident voluptate labore officiis fuga natus accusamus quia et quae.";s:9:"operacion";s:1024:"Lorem ipsum dolor sit amet, consectetur adipisicing elit. Enim fugit, ex error soluta magni odit, nam consequuntur quas corporis eos provident voluptate labore officiis fuga natus accusamus quia et quae.Lorem ipsum dolor sit amet, consectetur adipisicing elit. Enim fugit, ex error soluta magni odit, nam consequuntur quas corporis eos provident voluptate labore officiis fuga natus accusamus quia et quae.Lorem ipsum dolor sit amet, consectetur adipisicing elit. Enim fugit, ex error soluta magni odit, nam consequuntur quas corporis eos provident voluptate labore officiis fuga natus accusamus quia et quae.Lorem ipsum dolor sit amet, consectetur adipisicing elit. Enim fugit, ex error soluta magni odit, nam consequuntur quas corporis eos provident voluptate labore officiis fuga natus accusamus quia et quae.Lorem ipsum dolor sit amet, consectetur adipisicing elit. Enim fugit, ex error soluta magni odit, nam consequuntur quas corporis eos provident voluptate labore officiis fuga natus accusamus quia et quae.Lorem ips";s:9:"hallazgos";s:1024:"Lorem ipsum dolor sit amet, consectetur adipisicing elit. Enim fugit, ex error soluta magni odit, nam consequuntur quas corporis eos provident voluptate labore officiis fuga natus accusamus quia et quae.Lorem ipsum dolor sit amet, consectetur adipisicing elit. Enim fugit, ex error soluta magni odit, nam consequuntur quas corporis eos provident voluptate labore officiis fuga natus accusamus quia et quae.Lorem ipsum dolor sit amet, consectetur adipisicing elit. Enim fugit, ex error soluta magni odit, nam consequuntur quas corporis eos provident voluptate labore officiis fuga natus accusamus quia et quae.Lorem ipsum dolor sit amet, consectetur adipisicing elit. Enim fugit, ex error soluta magni odit, nam consequuntur quas corporis eos provident voluptate labore officiis fuga natus accusamus quia et quae.Lorem ipsum dolor sit amet, consectetur adipisicing elit. Enim fugit, ex error soluta magni odit, nam consequuntur quas corporis eos provident voluptate labore officiis fuga natus accusamus quia et quae.Lorem ips";s:15:"condicionherida";s:18:"Limpia contaminada";s:13:"procedimiento";s:1024:"Lorem ipsum dolor sit amet, consectetur adipisicing elit. Enim fugit, ex error soluta magni odit, nam consequuntur quas corporis eos provident voluptate labore officiis fuga natus accusamus quia et quae.Lorem ipsum dolor sit amet, consectetur adipisicing elit. Enim fugit, ex error soluta magni odit, nam consequuntur quas corporis eos provident voluptate labore officiis fuga natus accusamus quia et quae.Lorem ipsum dolor sit amet, consectetur adipisicing elit. Enim fugit, ex error soluta magni odit, nam consequuntur quas corporis eos provident voluptate labore officiis fuga natus accusamus quia et quae.Lorem ipsum dolor sit amet, consectetur adipisicing elit. Enim fugit, ex error soluta magni odit, nam consequuntur quas corporis eos provident voluptate labore officiis fuga natus accusamus quia et quae.Lorem ipsum dolor sit amet, consectetur adipisicing elit. Enim fugit, ex error soluta magni odit, nam consequuntur quas corporis eos provident voluptate labore officiis fuga natus accusamus quia et quae.Lorem ips";s:6:"creado";s:18:"2016-3-27 15:39:42";}', NULL, '1', 'Generar reporte con: HC-CTCV', 11, '2016-03-27 22:39:42'),
(29, '868c2fc8e45eed9541cafae2db900572', 37, 'a:27:{s:2:"hc";s:15:"Hist. Clin. Nº";s:8:"servicio";s:8:"Servicio";s:4:"piso";s:4:"Piso";s:4:"cama";s:8:"Cama Nº";s:6:"nombre";s:6:"Nombre";s:9:"cirujano1";s:19:"(37) Américo Peña";s:13:"anestesiologo";s:25:"(39) Henry Peralta Santos";s:10:"asistente1";s:20:"Ayudante (Asistente)";s:10:"residente1";s:21:"Ayudante (Residentes)";s:8:"interno1";s:7:"Interno";s:14:"instrumentista";s:14:"Instrumentista";s:13:"perfusionista";s:13:"Perfusionista";s:8:"auxiliar";s:16:"Auxiliar de Sala";s:9:"anestesia";s:17:"Tipo de anestesia";s:10:"medicacion";s:23:"Medicación anestésica";s:6:"tiempo";s:8:"03:20:00";s:5:"fecha";s:10:"2016-03-27";s:4:"hora";s:7:"9:10 am";s:11:"tipocirugia";s:12:"Endoscópica";s:16:"posicionpaciente";s:22:"Posición del paciente";s:13:"preoperatorio";s:406:"Lorem ipsum dolor sit amet, consectetur adipisicing elit. Enim fugit, ex error soluta magni odit, nam consequuntur quas corporis eos provident voluptate labore officiis fuga natus accusamus quia et quae.Lorem ipsum dolor sit amet, consectetur adipisicing elit. Enim fugit, ex error soluta magni odit, nam consequuntur quas corporis eos provident voluptate labore officiis fuga natus accusamus quia et quae.";s:14:"postoperatorio";s:812:"Lorem ipsum dolor sit amet, consectetur adipisicing elit. Enim fugit, ex error soluta magni odit, nam consequuntur quas corporis eos provident voluptate labore officiis fuga natus accusamus quia et quae.Lorem ipsum dolor sit amet, consectetur adipisicing elit. Enim fugit, ex error soluta magni odit, nam consequuntur quas corporis eos provident voluptate labore officiis fuga natus accusamus quia et quae.Lorem ipsum dolor sit amet, consectetur adipisicing elit. Enim fugit, ex error soluta magni odit, nam consequuntur quas corporis eos provident voluptate labore officiis fuga natus accusamus quia et quae.Lorem ipsum dolor sit amet, consectetur adipisicing elit. Enim fugit, ex error soluta magni odit, nam consequuntur quas corporis eos provident voluptate labore officiis fuga natus accusamus quia et quae.";s:9:"operacion";s:1024:"Lorem ipsum dolor sit amet, consectetur adipisicing elit. Enim fugit, ex error soluta magni odit, nam consequuntur quas corporis eos provident voluptate labore officiis fuga natus accusamus quia et quae.Lorem ipsum dolor sit amet, consectetur adipisicing elit. Enim fugit, ex error soluta magni odit, nam consequuntur quas corporis eos provident voluptate labore officiis fuga natus accusamus quia et quae.Lorem ipsum dolor sit amet, consectetur adipisicing elit. Enim fugit, ex error soluta magni odit, nam consequuntur quas corporis eos provident voluptate labore officiis fuga natus accusamus quia et quae.Lorem ipsum dolor sit amet, consectetur adipisicing elit. Enim fugit, ex error soluta magni odit, nam consequuntur quas corporis eos provident voluptate labore officiis fuga natus accusamus quia et quae.Lorem ipsum dolor sit amet, consectetur adipisicing elit. Enim fugit, ex error soluta magni odit, nam consequuntur quas corporis eos provident voluptate labore officiis fuga natus accusamus quia et quae.Lorem ips";s:9:"hallazgos";s:1024:"Lorem ipsum dolor sit amet, consectetur adipisicing elit. Enim fugit, ex error soluta magni odit, nam consequuntur quas corporis eos provident voluptate labore officiis fuga natus accusamus quia et quae.Lorem ipsum dolor sit amet, consectetur adipisicing elit. Enim fugit, ex error soluta magni odit, nam consequuntur quas corporis eos provident voluptate labore officiis fuga natus accusamus quia et quae.Lorem ipsum dolor sit amet, consectetur adipisicing elit. Enim fugit, ex error soluta magni odit, nam consequuntur quas corporis eos provident voluptate labore officiis fuga natus accusamus quia et quae.Lorem ipsum dolor sit amet, consectetur adipisicing elit. Enim fugit, ex error soluta magni odit, nam consequuntur quas corporis eos provident voluptate labore officiis fuga natus accusamus quia et quae.Lorem ipsum dolor sit amet, consectetur adipisicing elit. Enim fugit, ex error soluta magni odit, nam consequuntur quas corporis eos provident voluptate labore officiis fuga natus accusamus quia et quae.Lorem ips";s:15:"condicionherida";s:18:"Limpia contaminada";s:13:"procedimiento";s:1024:"Lorem ipsum dolor sit amet, consectetur adipisicing elit. Enim fugit, ex error soluta magni odit, nam consequuntur quas corporis eos provident voluptate labore officiis fuga natus accusamus quia et quae.Lorem ipsum dolor sit amet, consectetur adipisicing elit. Enim fugit, ex error soluta magni odit, nam consequuntur quas corporis eos provident voluptate labore officiis fuga natus accusamus quia et quae.Lorem ipsum dolor sit amet, consectetur adipisicing elit. Enim fugit, ex error soluta magni odit, nam consequuntur quas corporis eos provident voluptate labore officiis fuga natus accusamus quia et quae.Lorem ipsum dolor sit amet, consectetur adipisicing elit. Enim fugit, ex error soluta magni odit, nam consequuntur quas corporis eos provident voluptate labore officiis fuga natus accusamus quia et quae.Lorem ipsum dolor sit amet, consectetur adipisicing elit. Enim fugit, ex error soluta magni odit, nam consequuntur quas corporis eos provident voluptate labore officiis fuga natus accusamus quia et quae.Lorem ips";s:6:"creado";s:18:"2016-3-27 15:39:42";}', NULL, '1', 'Generar reporte con: HC-CTCV', 11, '2016-03-27 22:39:42'),
(30, '86ae78ecba7a92aa872cebea47f007ff', 37, 'a:27:{s:2:"hc";s:15:"Hist. Clin. Nº";s:8:"servicio";s:8:"Servicio";s:4:"piso";s:4:"Piso";s:4:"cama";s:8:"Cama Nº";s:6:"nombre";s:6:"Nombre";s:9:"cirujano1";s:19:"(37) Américo Peña";s:13:"anestesiologo";s:25:"(39) Henry Peralta Santos";s:10:"asistente1";s:20:"Ayudante (Asistente)";s:10:"residente1";s:21:"Ayudante (Residentes)";s:8:"interno1";s:7:"Interno";s:14:"instrumentista";s:14:"Instrumentista";s:13:"perfusionista";s:13:"Perfusionista";s:8:"auxiliar";s:16:"Auxiliar de Sala";s:9:"anestesia";s:17:"Tipo de anestesia";s:10:"medicacion";s:23:"Medicación anestésica";s:6:"tiempo";s:8:"03:20:00";s:5:"fecha";s:10:"2016-03-27";s:4:"hora";s:7:"9:10 am";s:11:"tipocirugia";s:12:"Endoscópica";s:16:"posicionpaciente";s:22:"Posición del paciente";s:13:"preoperatorio";s:406:"Lorem ipsum dolor sit amet, consectetur adipisicing elit. Enim fugit, ex error soluta magni odit, nam consequuntur quas corporis eos provident voluptate labore officiis fuga natus accusamus quia et quae.Lorem ipsum dolor sit amet, consectetur adipisicing elit. Enim fugit, ex error soluta magni odit, nam consequuntur quas corporis eos provident voluptate labore officiis fuga natus accusamus quia et quae.";s:14:"postoperatorio";s:812:"Lorem ipsum dolor sit amet, consectetur adipisicing elit. Enim fugit, ex error soluta magni odit, nam consequuntur quas corporis eos provident voluptate labore officiis fuga natus accusamus quia et quae.Lorem ipsum dolor sit amet, consectetur adipisicing elit. Enim fugit, ex error soluta magni odit, nam consequuntur quas corporis eos provident voluptate labore officiis fuga natus accusamus quia et quae.Lorem ipsum dolor sit amet, consectetur adipisicing elit. Enim fugit, ex error soluta magni odit, nam consequuntur quas corporis eos provident voluptate labore officiis fuga natus accusamus quia et quae.Lorem ipsum dolor sit amet, consectetur adipisicing elit. Enim fugit, ex error soluta magni odit, nam consequuntur quas corporis eos provident voluptate labore officiis fuga natus accusamus quia et quae.";s:9:"operacion";s:1024:"Lorem ipsum dolor sit amet, consectetur adipisicing elit. Enim fugit, ex error soluta magni odit, nam consequuntur quas corporis eos provident voluptate labore officiis fuga natus accusamus quia et quae.Lorem ipsum dolor sit amet, consectetur adipisicing elit. Enim fugit, ex error soluta magni odit, nam consequuntur quas corporis eos provident voluptate labore officiis fuga natus accusamus quia et quae.Lorem ipsum dolor sit amet, consectetur adipisicing elit. Enim fugit, ex error soluta magni odit, nam consequuntur quas corporis eos provident voluptate labore officiis fuga natus accusamus quia et quae.Lorem ipsum dolor sit amet, consectetur adipisicing elit. Enim fugit, ex error soluta magni odit, nam consequuntur quas corporis eos provident voluptate labore officiis fuga natus accusamus quia et quae.Lorem ipsum dolor sit amet, consectetur adipisicing elit. Enim fugit, ex error soluta magni odit, nam consequuntur quas corporis eos provident voluptate labore officiis fuga natus accusamus quia et quae.Lorem ips";s:9:"hallazgos";s:1024:"Lorem ipsum dolor sit amet, consectetur adipisicing elit. Enim fugit, ex error soluta magni odit, nam consequuntur quas corporis eos provident voluptate labore officiis fuga natus accusamus quia et quae.Lorem ipsum dolor sit amet, consectetur adipisicing elit. Enim fugit, ex error soluta magni odit, nam consequuntur quas corporis eos provident voluptate labore officiis fuga natus accusamus quia et quae.Lorem ipsum dolor sit amet, consectetur adipisicing elit. Enim fugit, ex error soluta magni odit, nam consequuntur quas corporis eos provident voluptate labore officiis fuga natus accusamus quia et quae.Lorem ipsum dolor sit amet, consectetur adipisicing elit. Enim fugit, ex error soluta magni odit, nam consequuntur quas corporis eos provident voluptate labore officiis fuga natus accusamus quia et quae.Lorem ipsum dolor sit amet, consectetur adipisicing elit. Enim fugit, ex error soluta magni odit, nam consequuntur quas corporis eos provident voluptate labore officiis fuga natus accusamus quia et quae.Lorem ips";s:15:"condicionherida";s:18:"Limpia contaminada";s:13:"procedimiento";s:1024:"Lorem ipsum dolor sit amet, consectetur adipisicing elit. Enim fugit, ex error soluta magni odit, nam consequuntur quas corporis eos provident voluptate labore officiis fuga natus accusamus quia et quae.Lorem ipsum dolor sit amet, consectetur adipisicing elit. Enim fugit, ex error soluta magni odit, nam consequuntur quas corporis eos provident voluptate labore officiis fuga natus accusamus quia et quae.Lorem ipsum dolor sit amet, consectetur adipisicing elit. Enim fugit, ex error soluta magni odit, nam consequuntur quas corporis eos provident voluptate labore officiis fuga natus accusamus quia et quae.Lorem ipsum dolor sit amet, consectetur adipisicing elit. Enim fugit, ex error soluta magni odit, nam consequuntur quas corporis eos provident voluptate labore officiis fuga natus accusamus quia et quae.Lorem ipsum dolor sit amet, consectetur adipisicing elit. Enim fugit, ex error soluta magni odit, nam consequuntur quas corporis eos provident voluptate labore officiis fuga natus accusamus quia et quae.Lorem ips";s:6:"creado";s:18:"2016-3-27 15:39:42";}', NULL, '1', 'Generar reporte con: HC-CTCV', 11, '2016-03-27 22:39:42'),
(31, 'b8943bec3fc48ef0d7f8abe6b40ec7dc', 37, 'a:27:{s:2:"hc";s:15:"Hist. Clin. Nº";s:8:"servicio";s:8:"Servicio";s:4:"piso";s:4:"Piso";s:4:"cama";s:8:"Cama Nº";s:6:"nombre";s:6:"Nombre";s:9:"cirujano1";s:19:"(37) Américo Peña";s:13:"anestesiologo";s:25:"(39) Henry Peralta Santos";s:10:"asistente1";s:20:"Ayudante (Asistente)";s:10:"residente1";s:21:"Ayudante (Residentes)";s:8:"interno1";s:7:"Interno";s:14:"instrumentista";s:14:"Instrumentista";s:13:"perfusionista";s:13:"Perfusionista";s:8:"auxiliar";s:16:"Auxiliar de Sala";s:9:"anestesia";s:17:"Tipo de anestesia";s:10:"medicacion";s:23:"Medicación anestésica";s:6:"tiempo";s:8:"03:20:00";s:5:"fecha";s:10:"2016-03-27";s:4:"hora";s:7:"9:10 am";s:11:"tipocirugia";s:12:"Endoscópica";s:16:"posicionpaciente";s:22:"Posición del paciente";s:13:"preoperatorio";s:406:"Lorem ipsum dolor sit amet, consectetur adipisicing elit. Enim fugit, ex error soluta magni odit, nam consequuntur quas corporis eos provident voluptate labore officiis fuga natus accusamus quia et quae.Lorem ipsum dolor sit amet, consectetur adipisicing elit. Enim fugit, ex error soluta magni odit, nam consequuntur quas corporis eos provident voluptate labore officiis fuga natus accusamus quia et quae.";s:14:"postoperatorio";s:812:"Lorem ipsum dolor sit amet, consectetur adipisicing elit. Enim fugit, ex error soluta magni odit, nam consequuntur quas corporis eos provident voluptate labore officiis fuga natus accusamus quia et quae.Lorem ipsum dolor sit amet, consectetur adipisicing elit. Enim fugit, ex error soluta magni odit, nam consequuntur quas corporis eos provident voluptate labore officiis fuga natus accusamus quia et quae.Lorem ipsum dolor sit amet, consectetur adipisicing elit. Enim fugit, ex error soluta magni odit, nam consequuntur quas corporis eos provident voluptate labore officiis fuga natus accusamus quia et quae.Lorem ipsum dolor sit amet, consectetur adipisicing elit. Enim fugit, ex error soluta magni odit, nam consequuntur quas corporis eos provident voluptate labore officiis fuga natus accusamus quia et quae.";s:9:"operacion";s:1024:"Lorem ipsum dolor sit amet, consectetur adipisicing elit. Enim fugit, ex error soluta magni odit, nam consequuntur quas corporis eos provident voluptate labore officiis fuga natus accusamus quia et quae.Lorem ipsum dolor sit amet, consectetur adipisicing elit. Enim fugit, ex error soluta magni odit, nam consequuntur quas corporis eos provident voluptate labore officiis fuga natus accusamus quia et quae.Lorem ipsum dolor sit amet, consectetur adipisicing elit. Enim fugit, ex error soluta magni odit, nam consequuntur quas corporis eos provident voluptate labore officiis fuga natus accusamus quia et quae.Lorem ipsum dolor sit amet, consectetur adipisicing elit. Enim fugit, ex error soluta magni odit, nam consequuntur quas corporis eos provident voluptate labore officiis fuga natus accusamus quia et quae.Lorem ipsum dolor sit amet, consectetur adipisicing elit. Enim fugit, ex error soluta magni odit, nam consequuntur quas corporis eos provident voluptate labore officiis fuga natus accusamus quia et quae.Lorem ips";s:9:"hallazgos";s:1024:"Lorem ipsum dolor sit amet, consectetur adipisicing elit. Enim fugit, ex error soluta magni odit, nam consequuntur quas corporis eos provident voluptate labore officiis fuga natus accusamus quia et quae.Lorem ipsum dolor sit amet, consectetur adipisicing elit. Enim fugit, ex error soluta magni odit, nam consequuntur quas corporis eos provident voluptate labore officiis fuga natus accusamus quia et quae.Lorem ipsum dolor sit amet, consectetur adipisicing elit. Enim fugit, ex error soluta magni odit, nam consequuntur quas corporis eos provident voluptate labore officiis fuga natus accusamus quia et quae.Lorem ipsum dolor sit amet, consectetur adipisicing elit. Enim fugit, ex error soluta magni odit, nam consequuntur quas corporis eos provident voluptate labore officiis fuga natus accusamus quia et quae.Lorem ipsum dolor sit amet, consectetur adipisicing elit. Enim fugit, ex error soluta magni odit, nam consequuntur quas corporis eos provident voluptate labore officiis fuga natus accusamus quia et quae.Lorem ips";s:15:"condicionherida";s:18:"Limpia contaminada";s:13:"procedimiento";s:1024:"Lorem ipsum dolor sit amet, consectetur adipisicing elit. Enim fugit, ex error soluta magni odit, nam consequuntur quas corporis eos provident voluptate labore officiis fuga natus accusamus quia et quae.Lorem ipsum dolor sit amet, consectetur adipisicing elit. Enim fugit, ex error soluta magni odit, nam consequuntur quas corporis eos provident voluptate labore officiis fuga natus accusamus quia et quae.Lorem ipsum dolor sit amet, consectetur adipisicing elit. Enim fugit, ex error soluta magni odit, nam consequuntur quas corporis eos provident voluptate labore officiis fuga natus accusamus quia et quae.Lorem ipsum dolor sit amet, consectetur adipisicing elit. Enim fugit, ex error soluta magni odit, nam consequuntur quas corporis eos provident voluptate labore officiis fuga natus accusamus quia et quae.Lorem ipsum dolor sit amet, consectetur adipisicing elit. Enim fugit, ex error soluta magni odit, nam consequuntur quas corporis eos provident voluptate labore officiis fuga natus accusamus quia et quae.Lorem ips";s:6:"creado";s:18:"2016-3-27 15:39:42";}', 'a:1:{i:0;s:76:"/plataforma/archivos/get_/CTCV-HNDM-2016_03_04_19_57_04_-Hist._Clin._Nº.pdf";}', '1', 'Generar reporte con: HC-CTCV', 11, '2016-03-27 22:39:42');

-- --------------------------------------------------------

--
-- Estructura de tabla para la tabla `plan`
--

CREATE TABLE IF NOT EXISTS `plan` (
  `id` int(11) NOT NULL AUTO_INCREMENT,
  `nombre` varchar(200) NOT NULL,
  `registros_permitidos` int(11) NOT NULL,
  `creado` timestamp NOT NULL DEFAULT CURRENT_TIMESTAMP,
  `activo` tinyint(1) NOT NULL DEFAULT '1',
  PRIMARY KEY (`id`)
) ENGINE=InnoDB  DEFAULT CHARSET=utf8 AUTO_INCREMENT=3 ;

--
-- Volcado de datos para la tabla `plan`
--

INSERT INTO `plan` (`id`, `nombre`, `registros_permitidos`, `creado`, `activo`) VALUES
(1, 'Plan 301', 301, '2016-01-17 23:21:17', 1),
(2, 'Plan 500', 500, '2016-02-16 01:32:30', 1);

-- --------------------------------------------------------

--
-- Estructura de tabla para la tabla `plantilla`
--

CREATE TABLE IF NOT EXISTS `plantilla` (
  `id` int(11) NOT NULL AUTO_INCREMENT,
  `nombre` varchar(200) NOT NULL,
  `url` text NOT NULL,
  `usuario_id` int(11) NOT NULL,
  `created` timestamp NOT NULL DEFAULT CURRENT_TIMESTAMP,
  PRIMARY KEY (`id`),
  UNIQUE KEY `nombre` (`nombre`)
) ENGINE=InnoDB  DEFAULT CHARSET=latin1 AUTO_INCREMENT=7 ;

--
-- Volcado de datos para la tabla `plantilla`
--

INSERT INTO `plantilla` (`id`, `nombre`, `url`, `usuario_id`, `created`) VALUES
(1, 'Libro-CTCV', '/files/upload/plantillas/2016_03_25_12_05_00_Format_LibroReg_Incompl.docx', 23, '2016-03-25 16:05:00'),
(2, 'HC-CTCV', '/files/upload/plantillas/2016_03_25_12_05_53_HC-CTCV-Compl.docx', 23, '2016-03-25 16:05:53'),
(5, 'HC-CG', '/files/upload/plantillas/2016_03_25_13_04_12_HC-CG-Compl_ver2.docx', 36, '2016-03-25 17:04:12'),
(6, 'Libro-CG', '/files/upload/plantillas/2016_03_25_13_04_37_LibroReg-CG_Incompl.docx', 36, '2016-03-25 17:04:37');

-- --------------------------------------------------------

--
-- Estructura de tabla para la tabla `plantilla_ckeditor`
--

CREATE TABLE IF NOT EXISTS `plantilla_ckeditor` (
  `id` int(11) NOT NULL AUTO_INCREMENT,
  `html` text NOT NULL,
  `nombre` varchar(200) NOT NULL,
  `creado` timestamp NOT NULL DEFAULT CURRENT_TIMESTAMP,
  PRIMARY KEY (`id`)
) ENGINE=InnoDB  DEFAULT CHARSET=latin1 AUTO_INCREMENT=5 ;

--
-- Volcado de datos para la tabla `plantilla_ckeditor`
--

INSERT INTO `plantilla_ckeditor` (`id`, `html`, `nombre`, `creado`) VALUES
(1, '<p><img src="file:///C:\\users\\jaime\\Temp\\msohtmlclip1\\01\\clip_image002.jpg" style="height:73px; width:115px" /></p>\r\n\r\n<p>&nbsp;</p>\r\n\r\n<table cellpadding="0" cellspacing="0">\r\n	<tbody>\r\n		<tr>\r\n			<td>\r\n			<table cellpadding="0" cellspacing="0" style="width:100%">\r\n				<tbody>\r\n					<tr>\r\n						<td>\r\n						<div>\r\n						<p><strong>DPTO. DE ANESTESIA </strong></p>\r\n\r\n						<p><strong>Y CENTRO QUIR</strong><strong>&Uacute;</strong><strong>RGICO</strong></p>\r\n						</div>\r\n						</td>\r\n					</tr>\r\n				</tbody>\r\n			</table>\r\n			</td>\r\n		</tr>\r\n	</tbody>\r\n</table>\r\n\r\n<p>&nbsp;</p>\r\n\r\n<p>&nbsp;</p>\r\n\r\n<table cellpadding="0" cellspacing="0">\r\n	<tbody>\r\n		<tr>\r\n			<td>\r\n			<table cellpadding="0" cellspacing="0" style="width:100%">\r\n				<tbody>\r\n					<tr>\r\n						<td>\r\n						<div>\r\n						<p><strong>INFORME OPERATORIO</strong></p>\r\n						</div>\r\n						</td>\r\n					</tr>\r\n				</tbody>\r\n			</table>\r\n			</td>\r\n		</tr>\r\n	</tbody>\r\n</table>\r\n\r\n<p>&nbsp;&nbsp;&nbsp;&nbsp;&nbsp;&nbsp;&nbsp;&nbsp;&nbsp;&nbsp;&nbsp;&nbsp;&nbsp;&nbsp;&nbsp;&nbsp;&nbsp;&nbsp;&nbsp;&nbsp;&nbsp;&nbsp;&nbsp;&nbsp;&nbsp;&nbsp;&nbsp;&nbsp;&nbsp;&nbsp;&nbsp;&nbsp;&nbsp;&nbsp;&nbsp;&nbsp;&nbsp;&nbsp;&nbsp;&nbsp;&nbsp;&nbsp;&nbsp;&nbsp;&nbsp;&nbsp;&nbsp;&nbsp;&nbsp;&nbsp;&nbsp;&nbsp;&nbsp;&nbsp;&nbsp;&nbsp;&nbsp;&nbsp;&nbsp;&nbsp;&nbsp;&nbsp;&nbsp;&nbsp;&nbsp;&nbsp;&nbsp;&nbsp;&nbsp;&nbsp;&nbsp;&nbsp;&nbsp;&nbsp;&nbsp;&nbsp;&nbsp;&nbsp;&nbsp;&nbsp;&nbsp;&nbsp;&nbsp;&nbsp;&nbsp;&nbsp;&nbsp;&nbsp;&nbsp;&nbsp;&nbsp;&nbsp;&nbsp;&nbsp;&nbsp;&nbsp;&nbsp;&nbsp;&nbsp;&nbsp;&nbsp;&nbsp;&nbsp;&nbsp;&nbsp;&nbsp;&nbsp;&nbsp;&nbsp;&nbsp;&nbsp; Hist. Clin. N&ordm;:&nbsp; _*HC*_&nbsp;&nbsp;&nbsp;&nbsp;&nbsp;&nbsp;&nbsp;&nbsp;</p>\r\n\r\n<p>&nbsp;&nbsp;&nbsp;&nbsp;&nbsp;&nbsp;&nbsp;&nbsp;&nbsp;&nbsp;&nbsp;&nbsp;&nbsp;&nbsp;&nbsp;&nbsp;&nbsp;&nbsp;&nbsp;&nbsp;&nbsp;&nbsp;&nbsp;&nbsp;&nbsp;&nbsp;&nbsp;&nbsp;&nbsp;&nbsp;&nbsp;&nbsp;&nbsp;&nbsp;&nbsp;&nbsp;&nbsp;&nbsp;&nbsp;&nbsp;&nbsp;&nbsp;&nbsp;&nbsp;&nbsp;&nbsp;&nbsp;&nbsp;&nbsp;&nbsp;&nbsp;&nbsp;&nbsp;&nbsp;&nbsp;&nbsp;&nbsp;&nbsp;&nbsp;&nbsp;&nbsp;&nbsp;&nbsp;&nbsp;&nbsp;&nbsp;&nbsp;&nbsp;&nbsp;&nbsp;&nbsp;&nbsp;&nbsp;&nbsp;&nbsp;&nbsp;&nbsp;&nbsp;&nbsp;&nbsp;&nbsp;&nbsp;&nbsp;&nbsp;&nbsp;&nbsp;&nbsp;&nbsp;&nbsp;&nbsp;&nbsp;&nbsp;&nbsp;&nbsp;&nbsp;&nbsp;&nbsp;&nbsp;&nbsp;&nbsp;&nbsp;&nbsp;&nbsp;&nbsp;&nbsp;&nbsp;&nbsp;&nbsp;&nbsp;&nbsp;&nbsp; Servicio: &nbsp;&nbsp;&nbsp;&nbsp;&nbsp;&nbsp;&nbsp;&nbsp;&nbsp; <u>*Servicio*</u>______</p>\r\n\r\n<p>&nbsp;&nbsp;&nbsp;&nbsp;&nbsp;&nbsp;&nbsp;&nbsp;&nbsp;&nbsp;&nbsp;&nbsp;&nbsp;&nbsp;&nbsp;&nbsp;&nbsp;&nbsp;&nbsp;&nbsp;&nbsp;&nbsp;&nbsp;&nbsp;&nbsp;&nbsp;&nbsp;&nbsp;&nbsp;&nbsp;&nbsp;&nbsp;&nbsp;&nbsp;&nbsp;&nbsp;&nbsp;&nbsp;&nbsp;&nbsp;&nbsp;&nbsp;&nbsp;&nbsp;&nbsp;&nbsp;&nbsp;&nbsp;&nbsp;&nbsp;&nbsp;&nbsp;&nbsp;&nbsp;&nbsp;&nbsp;&nbsp;&nbsp;&nbsp;&nbsp;&nbsp;&nbsp;&nbsp;&nbsp;&nbsp;&nbsp;&nbsp;&nbsp;&nbsp;&nbsp;&nbsp;&nbsp;&nbsp;&nbsp;&nbsp;&nbsp;&nbsp;&nbsp;&nbsp;&nbsp;&nbsp;&nbsp;&nbsp;&nbsp;&nbsp;&nbsp;&nbsp;&nbsp;&nbsp;&nbsp;&nbsp;&nbsp;&nbsp;&nbsp;&nbsp;&nbsp;&nbsp;&nbsp;&nbsp;&nbsp;&nbsp;&nbsp;&nbsp;&nbsp;&nbsp;&nbsp;&nbsp;&nbsp;&nbsp;&nbsp;&nbsp; Piso: &nbsp;&nbsp;&nbsp;&nbsp;&nbsp;&nbsp;&nbsp;&nbsp;&nbsp;&nbsp;&nbsp;&nbsp;&nbsp;&nbsp; <u>*Piso*________</u></p>\r\n\r\n<p>&nbsp;&nbsp;&nbsp;&nbsp;&nbsp;&nbsp;&nbsp;&nbsp;&nbsp;&nbsp;&nbsp;&nbsp;&nbsp;&nbsp;&nbsp;&nbsp;&nbsp;&nbsp;&nbsp;&nbsp;&nbsp;&nbsp;&nbsp;&nbsp;&nbsp;&nbsp;&nbsp;&nbsp;&nbsp;&nbsp;&nbsp;&nbsp;&nbsp;&nbsp;&nbsp;&nbsp;&nbsp;&nbsp;&nbsp;&nbsp;&nbsp;&nbsp;&nbsp;&nbsp;&nbsp;&nbsp;&nbsp;&nbsp;&nbsp;&nbsp;&nbsp;&nbsp;&nbsp;&nbsp;&nbsp;&nbsp;&nbsp;&nbsp;&nbsp;&nbsp;&nbsp;&nbsp;&nbsp;&nbsp;&nbsp;&nbsp;&nbsp;&nbsp;&nbsp;&nbsp;&nbsp;&nbsp;&nbsp;&nbsp;&nbsp;&nbsp;&nbsp;&nbsp;&nbsp;&nbsp;&nbsp;&nbsp;&nbsp;&nbsp;&nbsp;&nbsp;&nbsp;&nbsp;&nbsp;&nbsp;&nbsp;&nbsp;&nbsp;&nbsp;&nbsp;&nbsp;&nbsp;&nbsp;&nbsp;&nbsp;&nbsp;&nbsp;&nbsp;&nbsp;&nbsp;&nbsp;&nbsp;&nbsp;&nbsp;&nbsp;&nbsp; Cama N&ordm;: &nbsp;&nbsp;&nbsp;&nbsp;&nbsp;&nbsp;&nbsp;&nbsp; <u>*Cama* _______</u></p>\r\n\r\n<p>&nbsp;</p>\r\n\r\n<p>&nbsp;</p>\r\n\r\n<p><strong>NOMBRE</strong>: &nbsp;&nbsp;&nbsp; <strong><u>*NOMBRE</u>*__________________________________________________________________</strong></p>\r\n\r\n<p><strong>CIRUJANO:&nbsp; ___________________________&nbsp;&nbsp;&nbsp;&nbsp;&nbsp;&nbsp;&nbsp;&nbsp;&nbsp;&nbsp;&nbsp;&nbsp;&nbsp;&nbsp; ANESTESI</strong><strong>&Oacute;</strong><strong>LOGO: __________________________</strong></p>\r\n\r\n<p><strong>AYUDANTES:&nbsp;&nbsp;&nbsp;&nbsp;&nbsp;&nbsp;&nbsp;&nbsp;&nbsp;&nbsp;&nbsp;&nbsp;&nbsp;&nbsp;&nbsp;&nbsp;&nbsp;&nbsp;&nbsp;&nbsp;&nbsp;&nbsp;&nbsp;&nbsp;&nbsp;&nbsp;&nbsp;&nbsp;&nbsp;&nbsp;&nbsp;&nbsp;&nbsp;&nbsp;&nbsp;&nbsp;&nbsp;&nbsp;&nbsp;&nbsp;&nbsp;&nbsp;&nbsp;&nbsp;&nbsp;&nbsp;&nbsp;&nbsp;&nbsp;&nbsp;&nbsp;&nbsp;&nbsp;&nbsp;&nbsp;&nbsp;&nbsp;&nbsp;&nbsp;&nbsp;&nbsp; </strong>Tipo de anestesia: ___________________________</p>\r\n\r\n<p>Dr.: ___________________________________&nbsp;&nbsp;&nbsp;&nbsp;&nbsp;&nbsp;&nbsp;&nbsp;&nbsp;&nbsp;&nbsp;&nbsp;&nbsp;&nbsp; Medicaci&oacute;n anest&eacute;sica usada: __________________</p>\r\n\r\n<p>Residente: _____________________________&nbsp;&nbsp;&nbsp;&nbsp;&nbsp;&nbsp;&nbsp;&nbsp;&nbsp;&nbsp;&nbsp;&nbsp;&nbsp;&nbsp; Tiempo operatorio: _______________________ hrs.</p>\r\n\r\n<p>Interno: ________________________________&nbsp;&nbsp;&nbsp;&nbsp;&nbsp;&nbsp;&nbsp;&nbsp;&nbsp;&nbsp;&nbsp;&nbsp;&nbsp;&nbsp; Fecha: ____________________ Hora: __________</p>\r\n\r\n<p>Auxiliar de Sala: _________________________&nbsp;&nbsp;&nbsp;&nbsp;&nbsp;&nbsp;&nbsp;&nbsp;&nbsp;&nbsp;&nbsp;&nbsp;&nbsp; Cirug&iacute;a<strong>:&nbsp;&nbsp; </strong>&nbsp;Abierta&nbsp;&nbsp;&nbsp;&nbsp;&nbsp;&nbsp;&nbsp;&nbsp;&nbsp; Endosc&oacute;pica</p>\r\n\r\n<p>&nbsp;</p>\r\n\r\n<p><strong>DIAGN</strong><strong>&Oacute;</strong><strong>STICO PRE-OPERATORIO: ________________________________________________________</strong></p>\r\n\r\n<p>&nbsp;</p>\r\n\r\n<p><strong>DIAGN</strong><strong>&Oacute;</strong><strong>STICO POST-OPERATORIO: _______________________________________________________</strong></p>\r\n\r\n<p>&nbsp;</p>\r\n\r\n<table cellpadding="0" cellspacing="0">\r\n	<tbody>\r\n		<tr>\r\n			<td>\r\n			<table cellpadding="0" cellspacing="0" style="width:100%">\r\n				<tbody>\r\n					<tr>\r\n						<td>\r\n						<div>\r\n						<p>&nbsp;</p>\r\n						</div>\r\n						</td>\r\n					</tr>\r\n				</tbody>\r\n			</table>\r\n			</td>\r\n		</tr>\r\n	</tbody>\r\n</table>\r\n\r\n<p>&nbsp;</p>\r\n\r\n<p><strong>&nbsp; OPERACI</strong><strong>&Oacute;</strong><strong>N REALIZADA: _______________________________________________________________</strong></p>\r\n\r\n<p>&nbsp;&nbsp;&nbsp;</p>\r\n\r\n<p>Posici&oacute;n del paciente: _______________________________</p>\r\n\r\n<p><strong>HALLAZGOS: </strong>(Condiciones de todos los &oacute;rganos examinados, ganglios, tipo o grado de lesi&oacute;n)</p>\r\n\r\n<p>&nbsp;</p>\r\n\r\n<p>&nbsp;</p>\r\n\r\n<p>&nbsp;</p>\r\n\r\n<p>&nbsp;</p>\r\n\r\n<p>&nbsp;</p>\r\n\r\n<p>&nbsp;</p>\r\n\r\n<p>&nbsp;</p>\r\n\r\n<p>&nbsp;</p>\r\n\r\n<p>&nbsp;</p>\r\n\r\n<p>&nbsp;</p>\r\n\r\n<p>&nbsp;</p>\r\n\r\n<p>&nbsp;</p>\r\n\r\n<p>&nbsp;</p>\r\n\r\n<p>Condici&oacute;n de la herida operatoria:&nbsp;&nbsp;&nbsp;&nbsp; &nbsp;Limpia&nbsp;&nbsp;&nbsp;&nbsp;&nbsp;&nbsp;&nbsp; Limpia contaminada&nbsp;&nbsp;&nbsp;&nbsp;&nbsp;&nbsp;&nbsp; Contaminada&nbsp;&nbsp;&nbsp;&nbsp;&nbsp;&nbsp;&nbsp;&nbsp; Sucia</p>\r\n\r\n<p>&nbsp;</p>\r\n\r\n<p style="margin-left:155.95pt"><strong>PROCEDIMIENTO QUIR</strong><strong>&Uacute;</strong><strong>RGICO</strong>: Tipo de incisi&oacute;n y t&eacute;cnicas de resecci&oacute;n, ligaduras, suturas, N&ordm; de clips, drenajes, conteo de gasas y cierre.</p>\r\n\r\n<p>&nbsp;</p>\r\n\r\n<p>&nbsp;</p>\r\n\r\n<p>&nbsp;</p>\r\n\r\n<p>&nbsp;</p>\r\n\r\n<p>&nbsp;</p>\r\n\r\n<p>&nbsp;</p>\r\n\r\n<p>&nbsp;</p>\r\n\r\n<p>&nbsp;</p>\r\n\r\n<p>&nbsp;</p>\r\n\r\n<p>Nota: Toda pieza quir&uacute;rgica debe ser enviada a Anatom&iacute;a Patol&oacute;gica, antes de las 24 horas.</p>\r\n\r\n<p>&nbsp;</p>\r\n\r\n<p>&nbsp;</p>\r\n\r\n<table align="left" cellpadding="0" cellspacing="0">\r\n	<tbody>\r\n		<tr>\r\n			<td>&nbsp;</td>\r\n			<td>&nbsp;</td>\r\n			<td>&nbsp;</td>\r\n			<td>&nbsp;</td>\r\n		</tr>\r\n		<tr>\r\n			<td>&nbsp;</td>\r\n			<td colspan="2">&nbsp;</td>\r\n			<td rowspan="2">\r\n			<table cellpadding="0" cellspacing="0" style="width:100%">\r\n				<tbody>\r\n					<tr>\r\n						<td>\r\n						<div>\r\n						<p><strong>6</strong></p>\r\n						</div>\r\n						</td>\r\n					</tr>\r\n				</tbody>\r\n			</table>\r\n			</td>\r\n		</tr>\r\n		<tr>\r\n			<td>&nbsp;</td>\r\n			<td rowspan="2">\r\n			<table cellpadding="0" cellspacing="0" style="width:100%">\r\n				<tbody>\r\n					<tr>\r\n						<td>\r\n						<div>\r\n						<p><strong>INFORME OPERATORIO</strong></p>\r\n						</div>\r\n						</td>\r\n					</tr>\r\n				</tbody>\r\n			</table>\r\n			</td>\r\n		</tr>\r\n		<tr>\r\n			<td>&nbsp;</td>\r\n		</tr>\r\n	</tbody>\r\n</table>\r\n\r\n<p>&nbsp;</p>\r\n', 'Plantilla con html', '2016-02-13 02:15:47'),
(2, '<p><img src="file:///C:\\users\\jaime\\Temp\\msohtmlclip1\\01\\clip_image002.jpg" style="height:73px; width:115px" /></p>\r\n\r\n<p>&nbsp;</p>\r\n\r\n<table cellpadding="0" cellspacing="0">\r\n	<tbody>\r\n		<tr>\r\n			<td>\r\n			<table cellpadding="0" cellspacing="0" style="width:100%">\r\n				<tbody>\r\n					<tr>\r\n						<td>\r\n						<div>\r\n						<p><strong>DPTO. DE ANESTESIA </strong></p>\r\n\r\n						<p><strong>Y CENTRO QUIR</strong><strong>&Uacute;</strong><strong>RGICO</strong></p>\r\n						</div>\r\n						</td>\r\n					</tr>\r\n				</tbody>\r\n			</table>\r\n			</td>\r\n		</tr>\r\n	</tbody>\r\n</table>\r\n\r\n<p>&nbsp;</p>\r\n\r\n<p>&nbsp;</p>\r\n\r\n<table cellpadding="0" cellspacing="0">\r\n	<tbody>\r\n		<tr>\r\n			<td>\r\n			<table cellpadding="0" cellspacing="0" style="width:100%">\r\n				<tbody>\r\n					<tr>\r\n						<td>\r\n						<div>\r\n						<p><strong>INFORME OPERATORIO</strong></p>\r\n						</div>\r\n						</td>\r\n					</tr>\r\n				</tbody>\r\n			</table>\r\n			</td>\r\n		</tr>\r\n	</tbody>\r\n</table>\r\n\r\n<p>&nbsp;&nbsp;&nbsp;&nbsp;&nbsp;&nbsp;&nbsp;&nbsp;&nbsp;&nbsp;&nbsp;&nbsp;&nbsp;&nbsp;&nbsp;&nbsp;&nbsp;&nbsp;&nbsp;&nbsp;&nbsp;&nbsp;&nbsp;&nbsp;&nbsp;&nbsp;&nbsp;&nbsp;&nbsp;&nbsp;&nbsp;&nbsp;&nbsp;&nbsp;&nbsp;&nbsp;&nbsp;&nbsp;&nbsp;&nbsp;&nbsp;&nbsp;&nbsp;&nbsp;&nbsp;&nbsp;&nbsp;&nbsp;&nbsp;&nbsp;&nbsp;&nbsp;&nbsp;&nbsp;&nbsp;&nbsp;&nbsp;&nbsp;&nbsp;&nbsp;&nbsp;&nbsp;&nbsp;&nbsp;&nbsp;&nbsp;&nbsp;&nbsp;&nbsp;&nbsp;&nbsp;&nbsp;&nbsp;&nbsp;&nbsp;&nbsp;&nbsp;&nbsp;&nbsp;&nbsp;&nbsp;&nbsp;&nbsp;&nbsp;&nbsp;&nbsp;&nbsp;&nbsp;&nbsp;&nbsp;&nbsp;&nbsp;&nbsp;&nbsp;&nbsp;&nbsp;&nbsp;&nbsp;&nbsp;&nbsp;&nbsp;&nbsp;&nbsp;&nbsp;&nbsp;&nbsp;&nbsp;&nbsp;&nbsp;&nbsp;&nbsp; Hist. Clin. N&ordm;:&nbsp; _*HC*_&nbsp;&nbsp;&nbsp;&nbsp;&nbsp;&nbsp;&nbsp;&nbsp;</p>\r\n\r\n<p>&nbsp;&nbsp;&nbsp;&nbsp;&nbsp;&nbsp;&nbsp;&nbsp;&nbsp;&nbsp;&nbsp;&nbsp;&nbsp;&nbsp;&nbsp;&nbsp;&nbsp;&nbsp;&nbsp;&nbsp;&nbsp;&nbsp;&nbsp;&nbsp;&nbsp;&nbsp;&nbsp;&nbsp;&nbsp;&nbsp;&nbsp;&nbsp;&nbsp;&nbsp;&nbsp;&nbsp;&nbsp;&nbsp;&nbsp;&nbsp;&nbsp;&nbsp;&nbsp;&nbsp;&nbsp;&nbsp;&nbsp;&nbsp;&nbsp;&nbsp;&nbsp;&nbsp;&nbsp;&nbsp;&nbsp;&nbsp;&nbsp;&nbsp;&nbsp;&nbsp;&nbsp;&nbsp;&nbsp;&nbsp;&nbsp;&nbsp;&nbsp;&nbsp;&nbsp;&nbsp;&nbsp;&nbsp;&nbsp;&nbsp;&nbsp;&nbsp;&nbsp;&nbsp;&nbsp;&nbsp;&nbsp;&nbsp;&nbsp;&nbsp;&nbsp;&nbsp;&nbsp;&nbsp;&nbsp;&nbsp;&nbsp;&nbsp;&nbsp;&nbsp;&nbsp;&nbsp;&nbsp;&nbsp;&nbsp;&nbsp;&nbsp;&nbsp;&nbsp;&nbsp;&nbsp;&nbsp;&nbsp;&nbsp;&nbsp;&nbsp;&nbsp; Servicio: &nbsp;&nbsp;&nbsp;&nbsp;&nbsp;&nbsp;&nbsp;&nbsp;&nbsp; <u>*Servicio*</u>______</p>\r\n\r\n<p>&nbsp;&nbsp;&nbsp;&nbsp;&nbsp;&nbsp;&nbsp;&nbsp;&nbsp;&nbsp;&nbsp;&nbsp;&nbsp;&nbsp;&nbsp;&nbsp;&nbsp;&nbsp;&nbsp;&nbsp;&nbsp;&nbsp;&nbsp;&nbsp;&nbsp;&nbsp;&nbsp;&nbsp;&nbsp;&nbsp;&nbsp;&nbsp;&nbsp;&nbsp;&nbsp;&nbsp;&nbsp;&nbsp;&nbsp;&nbsp;&nbsp;&nbsp;&nbsp;&nbsp;&nbsp;&nbsp;&nbsp;&nbsp;&nbsp;&nbsp;&nbsp;&nbsp;&nbsp;&nbsp;&nbsp;&nbsp;&nbsp;&nbsp;&nbsp;&nbsp;&nbsp;&nbsp;&nbsp;&nbsp;&nbsp;&nbsp;&nbsp;&nbsp;&nbsp;&nbsp;&nbsp;&nbsp;&nbsp;&nbsp;&nbsp;&nbsp;&nbsp;&nbsp;&nbsp;&nbsp;&nbsp;&nbsp;&nbsp;&nbsp;&nbsp;&nbsp;&nbsp;&nbsp;&nbsp;&nbsp;&nbsp;&nbsp;&nbsp;&nbsp;&nbsp;&nbsp;&nbsp;&nbsp;&nbsp;&nbsp;&nbsp;&nbsp;&nbsp;&nbsp;&nbsp;&nbsp;&nbsp;&nbsp;&nbsp;&nbsp;&nbsp; Piso: &nbsp;&nbsp;&nbsp;&nbsp;&nbsp;&nbsp;&nbsp;&nbsp;&nbsp;&nbsp;&nbsp;&nbsp;&nbsp;&nbsp; <u>*Piso*________</u></p>\r\n\r\n<p>&nbsp;&nbsp;&nbsp;&nbsp;&nbsp;&nbsp;&nbsp;&nbsp;&nbsp;&nbsp;&nbsp;&nbsp;&nbsp;&nbsp;&nbsp;&nbsp;&nbsp;&nbsp;&nbsp;&nbsp;&nbsp;&nbsp;&nbsp;&nbsp;&nbsp;&nbsp;&nbsp;&nbsp;&nbsp;&nbsp;&nbsp;&nbsp;&nbsp;&nbsp;&nbsp;&nbsp;&nbsp;&nbsp;&nbsp;&nbsp;&nbsp;&nbsp;&nbsp;&nbsp;&nbsp;&nbsp;&nbsp;&nbsp;&nbsp;&nbsp;&nbsp;&nbsp;&nbsp;&nbsp;&nbsp;&nbsp;&nbsp;&nbsp;&nbsp;&nbsp;&nbsp;&nbsp;&nbsp;&nbsp;&nbsp;&nbsp;&nbsp;&nbsp;&nbsp;&nbsp;&nbsp;&nbsp;&nbsp;&nbsp;&nbsp;&nbsp;&nbsp;&nbsp;&nbsp;&nbsp;&nbsp;&nbsp;&nbsp;&nbsp;&nbsp;&nbsp;&nbsp;&nbsp;&nbsp;&nbsp;&nbsp;&nbsp;&nbsp;&nbsp;&nbsp;&nbsp;&nbsp;&nbsp;&nbsp;&nbsp;&nbsp;&nbsp;&nbsp;&nbsp;&nbsp;&nbsp;&nbsp;&nbsp;&nbsp;&nbsp;&nbsp; Cama N&ordm;: &nbsp;&nbsp;&nbsp;&nbsp;&nbsp;&nbsp;&nbsp;&nbsp; <u>*Cama* _______</u></p>\r\n\r\n<p>&nbsp;</p>\r\n\r\n<p>&nbsp;</p>\r\n\r\n<p><strong>NOMBRE</strong>: &nbsp;&nbsp;&nbsp; <strong><u>*NOMBRE</u>*__________________________________________________________________</strong></p>\r\n\r\n<p><strong>CIRUJANO:&nbsp; ___________________________&nbsp;&nbsp;&nbsp;&nbsp;&nbsp;&nbsp;&nbsp;&nbsp;&nbsp;&nbsp;&nbsp;&nbsp;&nbsp;&nbsp; ANESTESI</strong><strong>&Oacute;</strong><strong>LOGO: __________________________</strong></p>\r\n\r\n<p><strong>AYUDANTES:&nbsp;&nbsp;&nbsp;&nbsp;&nbsp;&nbsp;&nbsp;&nbsp;&nbsp;&nbsp;&nbsp;&nbsp;&nbsp;&nbsp;&nbsp;&nbsp;&nbsp;&nbsp;&nbsp;&nbsp;&nbsp;&nbsp;&nbsp;&nbsp;&nbsp;&nbsp;&nbsp;&nbsp;&nbsp;&nbsp;&nbsp;&nbsp;&nbsp;&nbsp;&nbsp;&nbsp;&nbsp;&nbsp;&nbsp;&nbsp;&nbsp;&nbsp;&nbsp;&nbsp;&nbsp;&nbsp;&nbsp;&nbsp;&nbsp;&nbsp;&nbsp;&nbsp;&nbsp;&nbsp;&nbsp;&nbsp;&nbsp;&nbsp;&nbsp;&nbsp;&nbsp; </strong>Tipo de anestesia: ___________________________</p>\r\n\r\n<p>Dr.: ___________________________________&nbsp;&nbsp;&nbsp;&nbsp;&nbsp;&nbsp;&nbsp;&nbsp;&nbsp;&nbsp;&nbsp;&nbsp;&nbsp;&nbsp; Medicaci&oacute;n anest&eacute;sica usada: __________________</p>\r\n\r\n<p>Residente: _____________________________&nbsp;&nbsp;&nbsp;&nbsp;&nbsp;&nbsp;&nbsp;&nbsp;&nbsp;&nbsp;&nbsp;&nbsp;&nbsp;&nbsp; Tiempo operatorio: _______________________ hrs.</p>\r\n\r\n<p>Interno: ________________________________&nbsp;&nbsp;&nbsp;&nbsp;&nbsp;&nbsp;&nbsp;&nbsp;&nbsp;&nbsp;&nbsp;&nbsp;&nbsp;&nbsp; Fecha: ____________________ Hora: __________</p>\r\n\r\n<p>Auxiliar de Sala: _________________________&nbsp;&nbsp;&nbsp;&nbsp;&nbsp;&nbsp;&nbsp;&nbsp;&nbsp;&nbsp;&nbsp;&nbsp;&nbsp; Cirug&iacute;a<strong>:&nbsp;&nbsp; </strong>&nbsp;Abierta&nbsp;&nbsp;&nbsp;&nbsp;&nbsp;&nbsp;&nbsp;&nbsp;&nbsp; Endosc&oacute;pica</p>\r\n\r\n<p>&nbsp;</p>\r\n\r\n<p><strong>DIAGN</strong><strong>&Oacute;</strong><strong>STICO PRE-OPERATORIO: ________________________________________________________</strong></p>\r\n\r\n<p>&nbsp;</p>\r\n\r\n<p><strong>DIAGN</strong><strong>&Oacute;</strong><strong>STICO POST-OPERATORIO: _______________________________________________________</strong></p>\r\n\r\n<p>&nbsp;</p>\r\n\r\n<table cellpadding="0" cellspacing="0">\r\n	<tbody>\r\n		<tr>\r\n			<td>\r\n			<table cellpadding="0" cellspacing="0" style="width:100%">\r\n				<tbody>\r\n					<tr>\r\n						<td>\r\n						<div>\r\n						<p>&nbsp;</p>\r\n						</div>\r\n						</td>\r\n					</tr>\r\n				</tbody>\r\n			</table>\r\n			</td>\r\n		</tr>\r\n	</tbody>\r\n</table>\r\n\r\n<p>&nbsp;</p>\r\n\r\n<p><strong>&nbsp; OPERACI</strong><strong>&Oacute;</strong><strong>N REALIZADA: _______________________________________________________________</strong></p>\r\n\r\n<p>&nbsp;&nbsp;&nbsp;</p>\r\n\r\n<p>Posici&oacute;n del paciente: _______________________________</p>\r\n\r\n<p><strong>HALLAZGOS: </strong>(Condiciones de todos los &oacute;rganos examinados, ganglios, tipo o grado de lesi&oacute;n)</p>\r\n\r\n<p>&nbsp;</p>\r\n\r\n<p>&nbsp;</p>\r\n\r\n<p>&nbsp;</p>\r\n\r\n<p>&nbsp;</p>\r\n\r\n<p>&nbsp;</p>\r\n\r\n<p>&nbsp;</p>\r\n\r\n<p>&nbsp;</p>\r\n\r\n<p>&nbsp;</p>\r\n\r\n<p>&nbsp;</p>\r\n\r\n<p>&nbsp;</p>\r\n\r\n<p>&nbsp;</p>\r\n\r\n<p>&nbsp;</p>\r\n\r\n<p>&nbsp;</p>\r\n\r\n<p>Condici&oacute;n de la herida operatoria:&nbsp;&nbsp;&nbsp;&nbsp; &nbsp;Limpia&nbsp;&nbsp;&nbsp;&nbsp;&nbsp;&nbsp;&nbsp; Limpia contaminada&nbsp;&nbsp;&nbsp;&nbsp;&nbsp;&nbsp;&nbsp; Contaminada&nbsp;&nbsp;&nbsp;&nbsp;&nbsp;&nbsp;&nbsp;&nbsp; Sucia</p>\r\n\r\n<p>&nbsp;</p>\r\n\r\n<p style="margin-left:155.95pt"><strong>PROCEDIMIENTO QUIR</strong><strong>&Uacute;</strong><strong>RGICO</strong>: Tipo de incisi&oacute;n y t&eacute;cnicas de resecci&oacute;n, ligaduras, suturas, N&ordm; de clips, drenajes, conteo de gasas y cierre.</p>\r\n\r\n<p>&nbsp;</p>\r\n\r\n<p>&nbsp;</p>\r\n\r\n<p>&nbsp;</p>\r\n\r\n<p>&nbsp;</p>\r\n\r\n<p>&nbsp;</p>\r\n\r\n<p>&nbsp;</p>\r\n\r\n<p>&nbsp;</p>\r\n\r\n<p>&nbsp;</p>\r\n\r\n<p>&nbsp;</p>\r\n\r\n<p>Nota: Toda pieza quir&uacute;rgica debe ser enviada a Anatom&iacute;a Patol&oacute;gica, antes de las 24 horas.</p>\r\n\r\n<p>&nbsp;</p>\r\n\r\n<p>&nbsp;</p>\r\n\r\n<table align="left" cellpadding="0" cellspacing="0">\r\n	<tbody>\r\n		<tr>\r\n			<td>&nbsp;</td>\r\n			<td>&nbsp;</td>\r\n			<td>&nbsp;</td>\r\n			<td>&nbsp;</td>\r\n		</tr>\r\n		<tr>\r\n			<td>&nbsp;</td>\r\n			<td colspan="2">&nbsp;</td>\r\n			<td rowspan="2">\r\n			<table cellpadding="0" cellspacing="0" style="width:100%">\r\n				<tbody>\r\n					<tr>\r\n						<td>\r\n						<div>\r\n						<p><strong>6</strong></p>\r\n						</div>\r\n						</td>\r\n					</tr>\r\n				</tbody>\r\n			</table>\r\n			</td>\r\n		</tr>\r\n		<tr>\r\n			<td>&nbsp;</td>\r\n			<td rowspan="2">\r\n			<table cellpadding="0" cellspacing="0" style="width:100%">\r\n				<tbody>\r\n					<tr>\r\n						<td>\r\n						<div>\r\n						<p><strong>INFORME OPERATORIO</strong></p>\r\n						</div>\r\n						</td>\r\n					</tr>\r\n				</tbody>\r\n			</table>\r\n			</td>\r\n		</tr>\r\n		<tr>\r\n			<td>&nbsp;</td>\r\n		</tr>\r\n	</tbody>\r\n</table>\r\n\r\n<p>&nbsp;</p>\r\n', 'Plantilla con html', '2016-02-13 02:16:46'),
(3, '<p><img src="file:///C:\\users\\jaime\\Temp\\msohtmlclip1\\01\\clip_image002.jpg" style="height:73px; width:115px" /></p>\r\n\r\n<p>&nbsp;</p>\r\n\r\n<table cellpadding="0" cellspacing="0">\r\n	<tbody>\r\n		<tr>\r\n			<td>\r\n			<table cellpadding="0" cellspacing="0" style="width:100%">\r\n				<tbody>\r\n					<tr>\r\n						<td>\r\n						<div>\r\n						<p><strong>DPTO. DE ANESTESIA </strong></p>\r\n\r\n						<p><strong>Y CENTRO QUIR</strong><strong>&Uacute;</strong><strong>RGICO</strong></p>\r\n						</div>\r\n						</td>\r\n					</tr>\r\n				</tbody>\r\n			</table>\r\n			</td>\r\n		</tr>\r\n	</tbody>\r\n</table>\r\n\r\n<p>&nbsp;</p>\r\n\r\n<p>&nbsp;</p>\r\n\r\n<table cellpadding="0" cellspacing="0">\r\n	<tbody>\r\n		<tr>\r\n			<td>\r\n			<table cellpadding="0" cellspacing="0" style="width:100%">\r\n				<tbody>\r\n					<tr>\r\n						<td>\r\n						<div>\r\n						<p><strong>INFORME OPERATORIO</strong></p>\r\n						</div>\r\n						</td>\r\n					</tr>\r\n				</tbody>\r\n			</table>\r\n			</td>\r\n		</tr>\r\n	</tbody>\r\n</table>\r\n\r\n<p>&nbsp;&nbsp;&nbsp;&nbsp;&nbsp;&nbsp;&nbsp;&nbsp;&nbsp;&nbsp;&nbsp;&nbsp;&nbsp;&nbsp;&nbsp;&nbsp;&nbsp;&nbsp;&nbsp;&nbsp;&nbsp;&nbsp;&nbsp;&nbsp;&nbsp;&nbsp;&nbsp;&nbsp;&nbsp;&nbsp;&nbsp;&nbsp;&nbsp;&nbsp;&nbsp;&nbsp;&nbsp;&nbsp;&nbsp;&nbsp;&nbsp;&nbsp;&nbsp;&nbsp;&nbsp;&nbsp;&nbsp;&nbsp;&nbsp;&nbsp;&nbsp;&nbsp;&nbsp;&nbsp;&nbsp;&nbsp;&nbsp;&nbsp;&nbsp;&nbsp;&nbsp;&nbsp;&nbsp;&nbsp;&nbsp;&nbsp;&nbsp;&nbsp;&nbsp;&nbsp;&nbsp;&nbsp;&nbsp;&nbsp;&nbsp;&nbsp;&nbsp;&nbsp;&nbsp;&nbsp;&nbsp;&nbsp;&nbsp;&nbsp;&nbsp;&nbsp;&nbsp;&nbsp;&nbsp;&nbsp;&nbsp;&nbsp;&nbsp;&nbsp;&nbsp;&nbsp;&nbsp;&nbsp;&nbsp;&nbsp;&nbsp;&nbsp;&nbsp;&nbsp;&nbsp;&nbsp;&nbsp;&nbsp;&nbsp;&nbsp;&nbsp; Hist. Clin. N&ordm;:&nbsp; _*HC*_&nbsp;&nbsp;&nbsp;&nbsp;&nbsp;&nbsp;&nbsp;&nbsp;</p>\r\n\r\n<p>&nbsp;&nbsp;&nbsp;&nbsp;&nbsp;&nbsp;&nbsp;&nbsp;&nbsp;&nbsp;&nbsp;&nbsp;&nbsp;&nbsp;&nbsp;&nbsp;&nbsp;&nbsp;&nbsp;&nbsp;&nbsp;&nbsp;&nbsp;&nbsp;&nbsp;&nbsp;&nbsp;&nbsp;&nbsp;&nbsp;&nbsp;&nbsp;&nbsp;&nbsp;&nbsp;&nbsp;&nbsp;&nbsp;&nbsp;&nbsp;&nbsp;&nbsp;&nbsp;&nbsp;&nbsp;&nbsp;&nbsp;&nbsp;&nbsp;&nbsp;&nbsp;&nbsp;&nbsp;&nbsp;&nbsp;&nbsp;&nbsp;&nbsp;&nbsp;&nbsp;&nbsp;&nbsp;&nbsp;&nbsp;&nbsp;&nbsp;&nbsp;&nbsp;&nbsp;&nbsp;&nbsp;&nbsp;&nbsp;&nbsp;&nbsp;&nbsp;&nbsp;&nbsp;&nbsp;&nbsp;&nbsp;&nbsp;&nbsp;&nbsp;&nbsp;&nbsp;&nbsp;&nbsp;&nbsp;&nbsp;&nbsp;&nbsp;&nbsp;&nbsp;&nbsp;&nbsp;&nbsp;&nbsp;&nbsp;&nbsp;&nbsp;&nbsp;&nbsp;&nbsp;&nbsp;&nbsp;&nbsp;&nbsp;&nbsp;&nbsp;&nbsp; Servicio: &nbsp;&nbsp;&nbsp;&nbsp;&nbsp;&nbsp;&nbsp;&nbsp;&nbsp; <u>*Servicio*</u>______</p>\r\n\r\n<p>&nbsp;&nbsp;&nbsp;&nbsp;&nbsp;&nbsp;&nbsp;&nbsp;&nbsp;&nbsp;&nbsp;&nbsp;&nbsp;&nbsp;&nbsp;&nbsp;&nbsp;&nbsp;&nbsp;&nbsp;&nbsp;&nbsp;&nbsp;&nbsp;&nbsp;&nbsp;&nbsp;&nbsp;&nbsp;&nbsp;&nbsp;&nbsp;&nbsp;&nbsp;&nbsp;&nbsp;&nbsp;&nbsp;&nbsp;&nbsp;&nbsp;&nbsp;&nbsp;&nbsp;&nbsp;&nbsp;&nbsp;&nbsp;&nbsp;&nbsp;&nbsp;&nbsp;&nbsp;&nbsp;&nbsp;&nbsp;&nbsp;&nbsp;&nbsp;&nbsp;&nbsp;&nbsp;&nbsp;&nbsp;&nbsp;&nbsp;&nbsp;&nbsp;&nbsp;&nbsp;&nbsp;&nbsp;&nbsp;&nbsp;&nbsp;&nbsp;&nbsp;&nbsp;&nbsp;&nbsp;&nbsp;&nbsp;&nbsp;&nbsp;&nbsp;&nbsp;&nbsp;&nbsp;&nbsp;&nbsp;&nbsp;&nbsp;&nbsp;&nbsp;&nbsp;&nbsp;&nbsp;&nbsp;&nbsp;&nbsp;&nbsp;&nbsp;&nbsp;&nbsp;&nbsp;&nbsp;&nbsp;&nbsp;&nbsp;&nbsp;&nbsp; Piso: &nbsp;&nbsp;&nbsp;&nbsp;&nbsp;&nbsp;&nbsp;&nbsp;&nbsp;&nbsp;&nbsp;&nbsp;&nbsp;&nbsp; <u>*Piso*________</u></p>\r\n\r\n<p>&nbsp;&nbsp;&nbsp;&nbsp;&nbsp;&nbsp;&nbsp;&nbsp;&nbsp;&nbsp;&nbsp;&nbsp;&nbsp;&nbsp;&nbsp;&nbsp;&nbsp;&nbsp;&nbsp;&nbsp;&nbsp;&nbsp;&nbsp;&nbsp;&nbsp;&nbsp;&nbsp;&nbsp;&nbsp;&nbsp;&nbsp;&nbsp;&nbsp;&nbsp;&nbsp;&nbsp;&nbsp;&nbsp;&nbsp;&nbsp;&nbsp;&nbsp;&nbsp;&nbsp;&nbsp;&nbsp;&nbsp;&nbsp;&nbsp;&nbsp;&nbsp;&nbsp;&nbsp;&nbsp;&nbsp;&nbsp;&nbsp;&nbsp;&nbsp;&nbsp;&nbsp;&nbsp;&nbsp;&nbsp;&nbsp;&nbsp;&nbsp;&nbsp;&nbsp;&nbsp;&nbsp;&nbsp;&nbsp;&nbsp;&nbsp;&nbsp;&nbsp;&nbsp;&nbsp;&nbsp;&nbsp;&nbsp;&nbsp;&nbsp;&nbsp;&nbsp;&nbsp;&nbsp;&nbsp;&nbsp;&nbsp;&nbsp;&nbsp;&nbsp;&nbsp;&nbsp;&nbsp;&nbsp;&nbsp;&nbsp;&nbsp;&nbsp;&nbsp;&nbsp;&nbsp;&nbsp;&nbsp;&nbsp;&nbsp;&nbsp;&nbsp; Cama N&ordm;: &nbsp;&nbsp;&nbsp;&nbsp;&nbsp;&nbsp;&nbsp;&nbsp; <u>*Cama* _______</u></p>\r\n\r\n<p>&nbsp;</p>\r\n\r\n<p>&nbsp;</p>\r\n\r\n<p><strong>NOMBRE</strong>: &nbsp;&nbsp;&nbsp; <strong><u>*NOMBRE</u>*__________________________________________________________________</strong></p>\r\n\r\n<p><strong>CIRUJANO:&nbsp; ___________________________&nbsp;&nbsp;&nbsp;&nbsp;&nbsp;&nbsp;&nbsp;&nbsp;&nbsp;&nbsp;&nbsp;&nbsp;&nbsp;&nbsp; ANESTESI</strong><strong>&Oacute;</strong><strong>LOGO: __________________________</strong></p>\r\n\r\n<p><strong>AYUDANTES:&nbsp;&nbsp;&nbsp;&nbsp;&nbsp;&nbsp;&nbsp;&nbsp;&nbsp;&nbsp;&nbsp;&nbsp;&nbsp;&nbsp;&nbsp;&nbsp;&nbsp;&nbsp;&nbsp;&nbsp;&nbsp;&nbsp;&nbsp;&nbsp;&nbsp;&nbsp;&nbsp;&nbsp;&nbsp;&nbsp;&nbsp;&nbsp;&nbsp;&nbsp;&nbsp;&nbsp;&nbsp;&nbsp;&nbsp;&nbsp;&nbsp;&nbsp;&nbsp;&nbsp;&nbsp;&nbsp;&nbsp;&nbsp;&nbsp;&nbsp;&nbsp;&nbsp;&nbsp;&nbsp;&nbsp;&nbsp;&nbsp;&nbsp;&nbsp;&nbsp;&nbsp; </strong>Tipo de anestesia: ___________________________</p>\r\n\r\n<p>Dr.: ___________________________________&nbsp;&nbsp;&nbsp;&nbsp;&nbsp;&nbsp;&nbsp;&nbsp;&nbsp;&nbsp;&nbsp;&nbsp;&nbsp;&nbsp; Medicaci&oacute;n anest&eacute;sica usada: __________________</p>\r\n\r\n<p>Residente: _____________________________&nbsp;&nbsp;&nbsp;&nbsp;&nbsp;&nbsp;&nbsp;&nbsp;&nbsp;&nbsp;&nbsp;&nbsp;&nbsp;&nbsp; Tiempo operatorio: _______________________ hrs.</p>\r\n\r\n<p>Interno: ________________________________&nbsp;&nbsp;&nbsp;&nbsp;&nbsp;&nbsp;&nbsp;&nbsp;&nbsp;&nbsp;&nbsp;&nbsp;&nbsp;&nbsp; Fecha: ____________________ Hora: __________</p>\r\n\r\n<p>Auxiliar de Sala: _________________________&nbsp;&nbsp;&nbsp;&nbsp;&nbsp;&nbsp;&nbsp;&nbsp;&nbsp;&nbsp;&nbsp;&nbsp;&nbsp; Cirug&iacute;a<strong>:&nbsp;&nbsp; </strong>&nbsp;Abierta&nbsp;&nbsp;&nbsp;&nbsp;&nbsp;&nbsp;&nbsp;&nbsp;&nbsp; Endosc&oacute;pica</p>\r\n\r\n<p>&nbsp;</p>\r\n\r\n<p><strong>DIAGN</strong><strong>&Oacute;</strong><strong>STICO PRE-OPERATORIO: ________________________________________________________</strong></p>\r\n\r\n<p>&nbsp;</p>\r\n\r\n<p><strong>DIAGN</strong><strong>&Oacute;</strong><strong>STICO POST-OPERATORIO: _______________________________________________________</strong></p>\r\n\r\n<p>&nbsp;</p>\r\n\r\n<table cellpadding="0" cellspacing="0">\r\n	<tbody>\r\n		<tr>\r\n			<td>\r\n			<table cellpadding="0" cellspacing="0" style="width:100%">\r\n				<tbody>\r\n					<tr>\r\n						<td>\r\n						<div>\r\n						<p>&nbsp;</p>\r\n						</div>\r\n						</td>\r\n					</tr>\r\n				</tbody>\r\n			</table>\r\n			</td>\r\n		</tr>\r\n	</tbody>\r\n</table>\r\n\r\n<p>&nbsp;</p>\r\n\r\n<p><strong>&nbsp; OPERACI</strong><strong>&Oacute;</strong><strong>N REALIZADA: _______________________________________________________________</strong></p>\r\n\r\n<p>&nbsp;&nbsp;&nbsp;</p>\r\n\r\n<p>Posici&oacute;n del paciente: _______________________________</p>\r\n\r\n<p><strong>HALLAZGOS: </strong>(Condiciones de todos los &oacute;rganos examinados, ganglios, tipo o grado de lesi&oacute;n)</p>\r\n\r\n<p>&nbsp;</p>\r\n\r\n<p>&nbsp;</p>\r\n\r\n<p>&nbsp;</p>\r\n\r\n<p>&nbsp;</p>\r\n\r\n<p>&nbsp;</p>\r\n\r\n<p>&nbsp;</p>\r\n\r\n<p>&nbsp;</p>\r\n\r\n<p>&nbsp;</p>\r\n\r\n<p>&nbsp;</p>\r\n\r\n<p>&nbsp;</p>\r\n\r\n<p>&nbsp;</p>\r\n\r\n<p>&nbsp;</p>\r\n\r\n<p>&nbsp;</p>\r\n\r\n<p>Condici&oacute;n de la herida operatoria:&nbsp;&nbsp;&nbsp;&nbsp; &nbsp;Limpia&nbsp;&nbsp;&nbsp;&nbsp;&nbsp;&nbsp;&nbsp; Limpia contaminada&nbsp;&nbsp;&nbsp;&nbsp;&nbsp;&nbsp;&nbsp; Contaminada&nbsp;&nbsp;&nbsp;&nbsp;&nbsp;&nbsp;&nbsp;&nbsp; Sucia</p>\r\n\r\n<p>&nbsp;</p>\r\n\r\n<p style="margin-left:155.95pt"><strong>PROCEDIMIENTO QUIR</strong><strong>&Uacute;</strong><strong>RGICO</strong>: Tipo de incisi&oacute;n y t&eacute;cnicas de resecci&oacute;n, ligaduras, suturas, N&ordm; de clips, drenajes, conteo de gasas y cierre.</p>\r\n\r\n<p>&nbsp;</p>\r\n\r\n<p>&nbsp;</p>\r\n\r\n<p>&nbsp;</p>\r\n\r\n<p>&nbsp;</p>\r\n\r\n<p>&nbsp;</p>\r\n\r\n<p>&nbsp;</p>\r\n\r\n<p>&nbsp;</p>\r\n\r\n<p>&nbsp;</p>\r\n\r\n<p>&nbsp;</p>\r\n\r\n<p>Nota: Toda pieza quir&uacute;rgica debe ser enviada a Anatom&iacute;a Patol&oacute;gica, antes de las 24 horas.</p>\r\n\r\n<p>&nbsp;</p>\r\n\r\n<p>&nbsp;</p>\r\n\r\n<table align="left" cellpadding="0" cellspacing="0">\r\n	<tbody>\r\n		<tr>\r\n			<td>&nbsp;</td>\r\n			<td>&nbsp;</td>\r\n			<td>&nbsp;</td>\r\n			<td>&nbsp;</td>\r\n		</tr>\r\n		<tr>\r\n			<td>&nbsp;</td>\r\n			<td colspan="2">&nbsp;</td>\r\n			<td rowspan="2">\r\n			<table cellpadding="0" cellspacing="0" style="width:100%">\r\n				<tbody>\r\n					<tr>\r\n						<td>\r\n						<div>\r\n						<p><strong>6</strong></p>\r\n						</div>\r\n						</td>\r\n					</tr>\r\n				</tbody>\r\n			</table>\r\n			</td>\r\n		</tr>\r\n		<tr>\r\n			<td>&nbsp;</td>\r\n			<td rowspan="2">\r\n			<table cellpadding="0" cellspacing="0" style="width:100%">\r\n				<tbody>\r\n					<tr>\r\n						<td>\r\n						<div>\r\n						<p><strong>INFORME OPERATORIO</strong></p>\r\n						</div>\r\n						</td>\r\n					</tr>\r\n				</tbody>\r\n			</table>\r\n			</td>\r\n		</tr>\r\n		<tr>\r\n			<td>&nbsp;</td>\r\n		</tr>\r\n	</tbody>\r\n</table>\r\n\r\n<p>&nbsp;</p>\r\n', 'Plantilla con html', '2016-02-13 02:17:21'),
(4, '<p><img src="file:///C:\\users\\jaime\\Temp\\msohtmlclip1\\01\\clip_image002.jpg" style="height:73px; width:115px" /></p>\r\n\r\n<p>&nbsp;</p>\r\n\r\n<table cellpadding="0" cellspacing="0">\r\n	<tbody>\r\n		<tr>\r\n			<td>\r\n			<table cellpadding="0" cellspacing="0" style="width:100%">\r\n				<tbody>\r\n					<tr>\r\n						<td>\r\n						<div>\r\n						<p><strong>DPTO. DE ANESTESIA </strong></p>\r\n\r\n						<p><strong>Y CENTRO QUIR</strong><strong>&Uacute;</strong><strong>RGICO</strong></p>\r\n						</div>\r\n						</td>\r\n					</tr>\r\n				</tbody>\r\n			</table>\r\n			</td>\r\n		</tr>\r\n	</tbody>\r\n</table>\r\n\r\n<p>&nbsp;</p>\r\n\r\n<p>&nbsp;</p>\r\n\r\n<table cellpadding="0" cellspacing="0">\r\n	<tbody>\r\n		<tr>\r\n			<td>\r\n			<table cellpadding="0" cellspacing="0" style="width:100%">\r\n				<tbody>\r\n					<tr>\r\n						<td>\r\n						<div>\r\n						<p><strong>INFORME OPERATORIO</strong></p>\r\n						</div>\r\n						</td>\r\n					</tr>\r\n				</tbody>\r\n			</table>\r\n			</td>\r\n		</tr>\r\n	</tbody>\r\n</table>\r\n\r\n<p>&nbsp;&nbsp;&nbsp;&nbsp;&nbsp;&nbsp;&nbsp;&nbsp;&nbsp;&nbsp;&nbsp;&nbsp;&nbsp;&nbsp;&nbsp;&nbsp;&nbsp;&nbsp;&nbsp;&nbsp;&nbsp;&nbsp;&nbsp;&nbsp;&nbsp;&nbsp;&nbsp;&nbsp;&nbsp;&nbsp;&nbsp;&nbsp;&nbsp;&nbsp;&nbsp;&nbsp;&nbsp;&nbsp;&nbsp;&nbsp;&nbsp;&nbsp;&nbsp;&nbsp;&nbsp;&nbsp;&nbsp;&nbsp;&nbsp;&nbsp;&nbsp;&nbsp;&nbsp;&nbsp;&nbsp;&nbsp;&nbsp;&nbsp;&nbsp;&nbsp;&nbsp;&nbsp;&nbsp;&nbsp;&nbsp;&nbsp;&nbsp;&nbsp;&nbsp;&nbsp;&nbsp;&nbsp;&nbsp;&nbsp;&nbsp;&nbsp;&nbsp;&nbsp;&nbsp;&nbsp;&nbsp;&nbsp;&nbsp;&nbsp;&nbsp;&nbsp;&nbsp;&nbsp;&nbsp;&nbsp;&nbsp;&nbsp;&nbsp;&nbsp;&nbsp;&nbsp;&nbsp;&nbsp;&nbsp;&nbsp;&nbsp;&nbsp;&nbsp;&nbsp;&nbsp;&nbsp;&nbsp;&nbsp;&nbsp;&nbsp;&nbsp; Hist. Clin. N&ordm;:&nbsp; _*HC*_&nbsp;&nbsp;&nbsp;&nbsp;&nbsp;&nbsp;&nbsp;&nbsp;</p>\r\n\r\n<p>&nbsp;&nbsp;&nbsp;&nbsp;&nbsp;&nbsp;&nbsp;&nbsp;&nbsp;&nbsp;&nbsp;&nbsp;&nbsp;&nbsp;&nbsp;&nbsp;&nbsp;&nbsp;&nbsp;&nbsp;&nbsp;&nbsp;&nbsp;&nbsp;&nbsp;&nbsp;&nbsp;&nbsp;&nbsp;&nbsp;&nbsp;&nbsp;&nbsp;&nbsp;&nbsp;&nbsp;&nbsp;&nbsp;&nbsp;&nbsp;&nbsp;&nbsp;&nbsp;&nbsp;&nbsp;&nbsp;&nbsp;&nbsp;&nbsp;&nbsp;&nbsp;&nbsp;&nbsp;&nbsp;&nbsp;&nbsp;&nbsp;&nbsp;&nbsp;&nbsp;&nbsp;&nbsp;&nbsp;&nbsp;&nbsp;&nbsp;&nbsp;&nbsp;&nbsp;&nbsp;&nbsp;&nbsp;&nbsp;&nbsp;&nbsp;&nbsp;&nbsp;&nbsp;&nbsp;&nbsp;&nbsp;&nbsp;&nbsp;&nbsp;&nbsp;&nbsp;&nbsp;&nbsp;&nbsp;&nbsp;&nbsp;&nbsp;&nbsp;&nbsp;&nbsp;&nbsp;&nbsp;&nbsp;&nbsp;&nbsp;&nbsp;&nbsp;&nbsp;&nbsp;&nbsp;&nbsp;&nbsp;&nbsp;&nbsp;&nbsp;&nbsp; Servicio: &nbsp;&nbsp;&nbsp;&nbsp;&nbsp;&nbsp;&nbsp;&nbsp;&nbsp; <u>*Servicio*</u>______</p>\r\n\r\n<p>&nbsp;&nbsp;&nbsp;&nbsp;&nbsp;&nbsp;&nbsp;&nbsp;&nbsp;&nbsp;&nbsp;&nbsp;&nbsp;&nbsp;&nbsp;&nbsp;&nbsp;&nbsp;&nbsp;&nbsp;&nbsp;&nbsp;&nbsp;&nbsp;&nbsp;&nbsp;&nbsp;&nbsp;&nbsp;&nbsp;&nbsp;&nbsp;&nbsp;&nbsp;&nbsp;&nbsp;&nbsp;&nbsp;&nbsp;&nbsp;&nbsp;&nbsp;&nbsp;&nbsp;&nbsp;&nbsp;&nbsp;&nbsp;&nbsp;&nbsp;&nbsp;&nbsp;&nbsp;&nbsp;&nbsp;&nbsp;&nbsp;&nbsp;&nbsp;&nbsp;&nbsp;&nbsp;&nbsp;&nbsp;&nbsp;&nbsp;&nbsp;&nbsp;&nbsp;&nbsp;&nbsp;&nbsp;&nbsp;&nbsp;&nbsp;&nbsp;&nbsp;&nbsp;&nbsp;&nbsp;&nbsp;&nbsp;&nbsp;&nbsp;&nbsp;&nbsp;&nbsp;&nbsp;&nbsp;&nbsp;&nbsp;&nbsp;&nbsp;&nbsp;&nbsp;&nbsp;&nbsp;&nbsp;&nbsp;&nbsp;&nbsp;&nbsp;&nbsp;&nbsp;&nbsp;&nbsp;&nbsp;&nbsp;&nbsp;&nbsp;&nbsp; Piso: &nbsp;&nbsp;&nbsp;&nbsp;&nbsp;&nbsp;&nbsp;&nbsp;&nbsp;&nbsp;&nbsp;&nbsp;&nbsp;&nbsp; <u>*Piso*________</u></p>\r\n\r\n<p>&nbsp;&nbsp;&nbsp;&nbsp;&nbsp;&nbsp;&nbsp;&nbsp;&nbsp;&nbsp;&nbsp;&nbsp;&nbsp;&nbsp;&nbsp;&nbsp;&nbsp;&nbsp;&nbsp;&nbsp;&nbsp;&nbsp;&nbsp;&nbsp;&nbsp;&nbsp;&nbsp;&nbsp;&nbsp;&nbsp;&nbsp;&nbsp;&nbsp;&nbsp;&nbsp;&nbsp;&nbsp;&nbsp;&nbsp;&nbsp;&nbsp;&nbsp;&nbsp;&nbsp;&nbsp;&nbsp;&nbsp;&nbsp;&nbsp;&nbsp;&nbsp;&nbsp;&nbsp;&nbsp;&nbsp;&nbsp;&nbsp;&nbsp;&nbsp;&nbsp;&nbsp;&nbsp;&nbsp;&nbsp;&nbsp;&nbsp;&nbsp;&nbsp;&nbsp;&nbsp;&nbsp;&nbsp;&nbsp;&nbsp;&nbsp;&nbsp;&nbsp;&nbsp;&nbsp;&nbsp;&nbsp;&nbsp;&nbsp;&nbsp;&nbsp;&nbsp;&nbsp;&nbsp;&nbsp;&nbsp;&nbsp;&nbsp;&nbsp;&nbsp;&nbsp;&nbsp;&nbsp;&nbsp;&nbsp;&nbsp;&nbsp;&nbsp;&nbsp;&nbsp;&nbsp;&nbsp;&nbsp;&nbsp;&nbsp;&nbsp;&nbsp; Cama N&ordm;: &nbsp;&nbsp;&nbsp;&nbsp;&nbsp;&nbsp;&nbsp;&nbsp; <u>*Cama* _______</u></p>\r\n\r\n<p>&nbsp;</p>\r\n\r\n<p>&nbsp;</p>\r\n\r\n<p><strong>NOMBRE</strong>: &nbsp;&nbsp;&nbsp; <strong><u>*NOMBRE</u>*__________________________________________________________________</strong></p>\r\n\r\n<p><strong>CIRUJANO:&nbsp; ___________________________&nbsp;&nbsp;&nbsp;&nbsp;&nbsp;&nbsp;&nbsp;&nbsp;&nbsp;&nbsp;&nbsp;&nbsp;&nbsp;&nbsp; ANESTESI</strong><strong>&Oacute;</strong><strong>LOGO: __________________________</strong></p>\r\n\r\n<p><strong>AYUDANTES:&nbsp;&nbsp;&nbsp;&nbsp;&nbsp;&nbsp;&nbsp;&nbsp;&nbsp;&nbsp;&nbsp;&nbsp;&nbsp;&nbsp;&nbsp;&nbsp;&nbsp;&nbsp;&nbsp;&nbsp;&nbsp;&nbsp;&nbsp;&nbsp;&nbsp;&nbsp;&nbsp;&nbsp;&nbsp;&nbsp;&nbsp;&nbsp;&nbsp;&nbsp;&nbsp;&nbsp;&nbsp;&nbsp;&nbsp;&nbsp;&nbsp;&nbsp;&nbsp;&nbsp;&nbsp;&nbsp;&nbsp;&nbsp;&nbsp;&nbsp;&nbsp;&nbsp;&nbsp;&nbsp;&nbsp;&nbsp;&nbsp;&nbsp;&nbsp;&nbsp;&nbsp; </strong>Tipo de anestesia: ___________________________</p>\r\n\r\n<p>Dr.: ___________________________________&nbsp;&nbsp;&nbsp;&nbsp;&nbsp;&nbsp;&nbsp;&nbsp;&nbsp;&nbsp;&nbsp;&nbsp;&nbsp;&nbsp; Medicaci&oacute;n anest&eacute;sica usada: __________________</p>\r\n\r\n<p>Residente: _____________________________&nbsp;&nbsp;&nbsp;&nbsp;&nbsp;&nbsp;&nbsp;&nbsp;&nbsp;&nbsp;&nbsp;&nbsp;&nbsp;&nbsp; Tiempo operatorio: _______________________ hrs.</p>\r\n\r\n<p>Interno: ________________________________&nbsp;&nbsp;&nbsp;&nbsp;&nbsp;&nbsp;&nbsp;&nbsp;&nbsp;&nbsp;&nbsp;&nbsp;&nbsp;&nbsp; Fecha: ____________________ Hora: __________</p>\r\n\r\n<p>Auxiliar de Sala: _________________________&nbsp;&nbsp;&nbsp;&nbsp;&nbsp;&nbsp;&nbsp;&nbsp;&nbsp;&nbsp;&nbsp;&nbsp;&nbsp; Cirug&iacute;a<strong>:&nbsp;&nbsp; </strong>&nbsp;Abierta&nbsp;&nbsp;&nbsp;&nbsp;&nbsp;&nbsp;&nbsp;&nbsp;&nbsp; Endosc&oacute;pica</p>\r\n\r\n<p>&nbsp;</p>\r\n\r\n<p><strong>DIAGN</strong><strong>&Oacute;</strong><strong>STICO PRE-OPERATORIO: ________________________________________________________</strong></p>\r\n\r\n<p>&nbsp;</p>\r\n\r\n<p><strong>DIAGN</strong><strong>&Oacute;</strong><strong>STICO POST-OPERATORIO: _______________________________________________________</strong></p>\r\n\r\n<p>&nbsp;</p>\r\n\r\n<table cellpadding="0" cellspacing="0">\r\n	<tbody>\r\n		<tr>\r\n			<td>\r\n			<table cellpadding="0" cellspacing="0" style="width:100%">\r\n				<tbody>\r\n					<tr>\r\n						<td>\r\n						<div>\r\n						<p>&nbsp;</p>\r\n						</div>\r\n						</td>\r\n					</tr>\r\n				</tbody>\r\n			</table>\r\n			</td>\r\n		</tr>\r\n	</tbody>\r\n</table>\r\n\r\n<p>&nbsp;</p>\r\n\r\n<p><strong>&nbsp; OPERACI</strong><strong>&Oacute;</strong><strong>N REALIZADA: _______________________________________________________________</strong></p>\r\n\r\n<p>&nbsp;&nbsp;&nbsp;</p>\r\n\r\n<p>Posici&oacute;n del paciente: _______________________________</p>\r\n\r\n<p><strong>HALLAZGOS: </strong>(Condiciones de todos los &oacute;rganos examinados, ganglios, tipo o grado de lesi&oacute;n)</p>\r\n\r\n<p>&nbsp;</p>\r\n\r\n<p>&nbsp;</p>\r\n\r\n<p>&nbsp;</p>\r\n\r\n<p>&nbsp;</p>\r\n\r\n<p>&nbsp;</p>\r\n\r\n<p>&nbsp;</p>\r\n\r\n<p>&nbsp;</p>\r\n\r\n<p>&nbsp;</p>\r\n\r\n<p>&nbsp;</p>\r\n\r\n<p>&nbsp;</p>\r\n\r\n<p>&nbsp;</p>\r\n\r\n<p>&nbsp;</p>\r\n\r\n<p>&nbsp;</p>\r\n\r\n<p>Condici&oacute;n de la herida operatoria:&nbsp;&nbsp;&nbsp;&nbsp; &nbsp;Limpia&nbsp;&nbsp;&nbsp;&nbsp;&nbsp;&nbsp;&nbsp; Limpia contaminada&nbsp;&nbsp;&nbsp;&nbsp;&nbsp;&nbsp;&nbsp; Contaminada&nbsp;&nbsp;&nbsp;&nbsp;&nbsp;&nbsp;&nbsp;&nbsp; Sucia</p>\r\n\r\n<p>&nbsp;</p>\r\n\r\n<p style="margin-left:155.95pt"><strong>PROCEDIMIENTO QUIR</strong><strong>&Uacute;</strong><strong>RGICO</strong>: Tipo de incisi&oacute;n y t&eacute;cnicas de resecci&oacute;n, ligaduras, suturas, N&ordm; de clips, drenajes, conteo de gasas y cierre.</p>\r\n\r\n<p>&nbsp;</p>\r\n\r\n<p>&nbsp;</p>\r\n\r\n<p>&nbsp;</p>\r\n\r\n<p>&nbsp;</p>\r\n\r\n<p>&nbsp;</p>\r\n\r\n<p>&nbsp;</p>\r\n\r\n<p>&nbsp;</p>\r\n\r\n<p>&nbsp;</p>\r\n\r\n<p>&nbsp;</p>\r\n\r\n<p>Nota: Toda pieza quir&uacute;rgica debe ser enviada a Anatom&iacute;a Patol&oacute;gica, antes de las 24 horas.</p>\r\n\r\n<p>&nbsp;</p>\r\n\r\n<p>&nbsp;</p>\r\n\r\n<table align="left" cellpadding="0" cellspacing="0">\r\n	<tbody>\r\n		<tr>\r\n			<td>&nbsp;</td>\r\n			<td>&nbsp;</td>\r\n			<td>&nbsp;</td>\r\n			<td>&nbsp;</td>\r\n		</tr>\r\n		<tr>\r\n			<td>&nbsp;</td>\r\n			<td colspan="2">&nbsp;</td>\r\n			<td rowspan="2">\r\n			<table cellpadding="0" cellspacing="0" style="width:100%">\r\n				<tbody>\r\n					<tr>\r\n						<td>\r\n						<div>\r\n						<p><strong>6</strong></p>\r\n						</div>\r\n						</td>\r\n					</tr>\r\n				</tbody>\r\n			</table>\r\n			</td>\r\n		</tr>\r\n		<tr>\r\n			<td>&nbsp;</td>\r\n			<td rowspan="2">\r\n			<table cellpadding="0" cellspacing="0" style="width:100%">\r\n				<tbody>\r\n					<tr>\r\n						<td>\r\n						<div>\r\n						<p><strong>INFORME OPERATORIO</strong></p>\r\n						</div>\r\n						</td>\r\n					</tr>\r\n				</tbody>\r\n			</table>\r\n			</td>\r\n		</tr>\r\n		<tr>\r\n			<td>&nbsp;</td>\r\n		</tr>\r\n	</tbody>\r\n</table>\r\n\r\n<p>&nbsp;</p>\r\n', 'Plantilla con html', '2016-02-13 02:17:27');

-- --------------------------------------------------------

--
-- Estructura de tabla para la tabla `plan_equipo`
--

CREATE TABLE IF NOT EXISTS `plan_equipo` (
  `id` int(11) NOT NULL AUTO_INCREMENT,
  `plan_id` int(11) NOT NULL,
  `equipo_id` int(11) NOT NULL,
  `creado` timestamp NOT NULL DEFAULT CURRENT_TIMESTAMP,
  `monto` int(11) DEFAULT NULL,
  PRIMARY KEY (`id`)
) ENGINE=InnoDB  DEFAULT CHARSET=latin1 AUTO_INCREMENT=3 ;

--
-- Volcado de datos para la tabla `plan_equipo`
--

INSERT INTO `plan_equipo` (`id`, `plan_id`, `equipo_id`, `creado`, `monto`) VALUES
(1, 2, 1, '2016-03-25 15:49:22', 500),
(2, 2, 2, '2016-03-25 15:51:09', 500);

-- --------------------------------------------------------

--
-- Estructura de tabla para la tabla `usuario`
--

CREATE TABLE IF NOT EXISTS `usuario` (
  `id` int(11) NOT NULL AUTO_INCREMENT,
  `usuario` varchar(100) NOT NULL,
  `nombres` varchar(200) NOT NULL,
  `apellidos` varchar(200) DEFAULT NULL,
  `aparicion` varchar(200) DEFAULT NULL,
  `institucion` varchar(200) DEFAULT NULL,
  `departamento` varchar(200) DEFAULT NULL,
  `email` varchar(200) DEFAULT NULL,
  `telefono` varchar(50) DEFAULT NULL,
  `celular` varchar(50) DEFAULT NULL,
  `genero` varchar(1) DEFAULT NULL,
  `nacimiento` date DEFAULT NULL,
  `pais` varchar(100) DEFAULT NULL,
  `ciudad` varchar(100) DEFAULT NULL,
  `dni` varchar(100) DEFAULT NULL,
  `colegiatura` varchar(100) DEFAULT NULL,
  `contrasenia` varchar(200) NOT NULL,
  `creado` timestamp NULL DEFAULT CURRENT_TIMESTAMP,
  `rol` varchar(200) DEFAULT '7',
  `activo` tinyint(1) DEFAULT '1',
  PRIMARY KEY (`id`)
) ENGINE=InnoDB  DEFAULT CHARSET=utf8 AUTO_INCREMENT=41 ;

--
-- Volcado de datos para la tabla `usuario`
--

INSERT INTO `usuario` (`id`, `usuario`, `nombres`, `apellidos`, `aparicion`, `institucion`, `departamento`, `email`, `telefono`, `celular`, `genero`, `nacimiento`, `pais`, `ciudad`, `dni`, `colegiatura`, `contrasenia`, `creado`, `rol`, `activo`) VALUES
(1, 'jaimeirazabal1', 'Jaime Alfonso', 'Irazabal Gonzalez', 'r4', 'Nombre de la institucion', 'Nombre del Departamento', NULL, NULL, NULL, NULL, NULL, NULL, NULL, NULL, NULL, '7d3ff5e583a1727c07bd911d427b514b', '2016-01-17 21:06:43', '1', 1),
(36, 'americo', 'Americo', 'Peña', 'americopena', 'institucion americo peña', 'departamento americo peña', 'apenha15@gmail.com', NULL, NULL, 'M', NULL, NULL, NULL, NULL, NULL, 'fc7a41583f08789cb63a08988a99ba87', '2016-03-25 15:39:12', '1', 1),
(37, 'apenha15', 'Américo', 'Peña', 'R2 Peña', NULL, NULL, 'apenha15@hotmail.com', NULL, NULL, 'M', '1986-07-05', 'Afghanistan', 'Lima', '43831835', '58641', '0345befbc05f81e3be81d08d4615686a', '2016-03-25 15:48:39', '3', 1),
(38, 'juandenis', 'Juan Dennis', 'Apaza', 'R3 Apaza', NULL, NULL, 'md.juandennis@gmail.com', NULL, NULL, 'M', '1985-03-01', 'Peru', 'Lima', NULL, NULL, 'dcbb04e8ba5c0b7dc89546499af29dad', '2016-03-25 15:50:56', '3', 1),
(39, 'hepsa10', 'Henry', 'Peralta Santos', 'R5 Peralta', 'Hospital Nacional Dos de Mayo', 'Cirugía de Tórax y Cardiovascular', 'hepsa10@gmail.com', NULL, NULL, NULL, NULL, NULL, NULL, NULL, NULL, '6639ffdc25188955b05c7e6ff12946ea', '2016-03-25 15:51:53', '4', 1),
(40, 'alenkartorres', 'Alenkar', 'Torres', 'R2 Torres', 'Hospital Nacional Dos de Mayo', 'Cirugía General', 'alenkar_tt@hotmail.com', NULL, NULL, NULL, NULL, NULL, NULL, NULL, NULL, 'd173da7b2f14c0136eb88e26a8b11e80', '2016-03-25 15:52:21', '4', 1);

-- --------------------------------------------------------

--
-- Estructura de tabla para la tabla `usuario_equipo`
--

CREATE TABLE IF NOT EXISTS `usuario_equipo` (
  `id` int(11) NOT NULL AUTO_INCREMENT,
  `usuario_id` int(11) NOT NULL,
  `equipo_id` int(11) NOT NULL,
  `activo` tinyint(1) DEFAULT NULL,
  `created` timestamp NOT NULL DEFAULT CURRENT_TIMESTAMP,
  PRIMARY KEY (`id`)
) ENGINE=InnoDB  DEFAULT CHARSET=utf8 AUTO_INCREMENT=5 ;

--
-- Volcado de datos para la tabla `usuario_equipo`
--

INSERT INTO `usuario_equipo` (`id`, `usuario_id`, `equipo_id`, `activo`, `created`) VALUES
(1, 39, 1, 1, '2016-03-25 15:52:45'),
(2, 40, 2, 1, '2016-03-25 15:53:07'),
(3, 37, 1, 1, '2016-03-25 16:17:26'),
(4, 38, 2, 1, '2016-03-25 16:17:48');

/*!40101 SET CHARACTER_SET_CLIENT=@OLD_CHARACTER_SET_CLIENT */;
/*!40101 SET CHARACTER_SET_RESULTS=@OLD_CHARACTER_SET_RESULTS */;
/*!40101 SET COLLATION_CONNECTION=@OLD_COLLATION_CONNECTION */;
